DROP TABLE bug_device;
DROP TABLE bug;
DROP TABLE tester_device;
DROP TABLE device;
DROP TABLE tester;

CREATE TABLE bug (
  id BIGINT AUTO_INCREMENT PRIMARY KEY,
  tester_id BIGINT
);

INSERT INTO bug (id, tester_id) VALUES ('1','4');
INSERT INTO bug (id, tester_id) VALUES ('2','9');
INSERT INTO bug (id, tester_id) VALUES ('3','7');
INSERT INTO bug (id, tester_id) VALUES ('4','4');
INSERT INTO bug (id, tester_id) VALUES ('5','3');
INSERT INTO bug (id, tester_id) VALUES ('6','7');
INSERT INTO bug (id, tester_id) VALUES ('7','9');
INSERT INTO bug (id, tester_id) VALUES ('8','5');
INSERT INTO bug (id, tester_id) VALUES ('9','9');
INSERT INTO bug (id, tester_id) VALUES ('10','4');
INSERT INTO bug (id, tester_id) VALUES ('11','4');
INSERT INTO bug (id, tester_id) VALUES ('12','9');
INSERT INTO bug (id, tester_id) VALUES ('13','9');
INSERT INTO bug (id, tester_id) VALUES ('14','3');
INSERT INTO bug (id, tester_id) VALUES ('15','9');
INSERT INTO bug (id, tester_id) VALUES ('16','1');
INSERT INTO bug (id, tester_id) VALUES ('17','4');
INSERT INTO bug (id, tester_id) VALUES ('18','6');
INSERT INTO bug (id, tester_id) VALUES ('19','9');
INSERT INTO bug (id, tester_id) VALUES ('20','3');
INSERT INTO bug (id, tester_id) VALUES ('21','1');
INSERT INTO bug (id, tester_id) VALUES ('22','1');
INSERT INTO bug (id, tester_id) VALUES ('23','1');
INSERT INTO bug (id, tester_id) VALUES ('24','6');
INSERT INTO bug (id, tester_id) VALUES ('25','5');
INSERT INTO bug (id, tester_id) VALUES ('26','3');
INSERT INTO bug (id, tester_id) VALUES ('27','6');
INSERT INTO bug (id, tester_id) VALUES ('28','9');
INSERT INTO bug (id, tester_id) VALUES ('29','8');
INSERT INTO bug (id, tester_id) VALUES ('30','3');
INSERT INTO bug (id, tester_id) VALUES ('31','5');
INSERT INTO bug (id, tester_id) VALUES ('32','9');
INSERT INTO bug (id, tester_id) VALUES ('33','4');
INSERT INTO bug (id, tester_id) VALUES ('34','3');
INSERT INTO bug (id, tester_id) VALUES ('35','6');
INSERT INTO bug (id, tester_id) VALUES ('36','6');
INSERT INTO bug (id, tester_id) VALUES ('37','5');
INSERT INTO bug (id, tester_id) VALUES ('38','1');
INSERT INTO bug (id, tester_id) VALUES ('39','4');
INSERT INTO bug (id, tester_id) VALUES ('40','6');
INSERT INTO bug (id, tester_id) VALUES ('41','8');
INSERT INTO bug (id, tester_id) VALUES ('42','9');
INSERT INTO bug (id, tester_id) VALUES ('43','8');
INSERT INTO bug (id, tester_id) VALUES ('44','1');
INSERT INTO bug (id, tester_id) VALUES ('45','9');
INSERT INTO bug (id, tester_id) VALUES ('46','3');
INSERT INTO bug (id, tester_id) VALUES ('47','1');
INSERT INTO bug (id, tester_id) VALUES ('48','1');
INSERT INTO bug (id, tester_id) VALUES ('49','9');
INSERT INTO bug (id, tester_id) VALUES ('50','6');
INSERT INTO bug (id, tester_id) VALUES ('51','7');
INSERT INTO bug (id, tester_id) VALUES ('52','4');
INSERT INTO bug (id, tester_id) VALUES ('53','7');
INSERT INTO bug (id, tester_id) VALUES ('54','7');
INSERT INTO bug (id, tester_id) VALUES ('55','8');
INSERT INTO bug (id, tester_id) VALUES ('56','4');
INSERT INTO bug (id, tester_id) VALUES ('57','1');
INSERT INTO bug (id, tester_id) VALUES ('58','4');
INSERT INTO bug (id, tester_id) VALUES ('59','4');
INSERT INTO bug (id, tester_id) VALUES ('60','9');
INSERT INTO bug (id, tester_id) VALUES ('61','5');
INSERT INTO bug (id, tester_id) VALUES ('62','8');
INSERT INTO bug (id, tester_id) VALUES ('63','4');
INSERT INTO bug (id, tester_id) VALUES ('64','5');
INSERT INTO bug (id, tester_id) VALUES ('65','4');
INSERT INTO bug (id, tester_id) VALUES ('66','2');
INSERT INTO bug (id, tester_id) VALUES ('67','7');
INSERT INTO bug (id, tester_id) VALUES ('68','3');
INSERT INTO bug (id, tester_id) VALUES ('69','2');
INSERT INTO bug (id, tester_id) VALUES ('70','2');
INSERT INTO bug (id, tester_id) VALUES ('71','6');
INSERT INTO bug (id, tester_id) VALUES ('72','2');
INSERT INTO bug (id, tester_id) VALUES ('73','1');
INSERT INTO bug (id, tester_id) VALUES ('74','7');
INSERT INTO bug (id, tester_id) VALUES ('75','7');
INSERT INTO bug (id, tester_id) VALUES ('76','5');
INSERT INTO bug (id, tester_id) VALUES ('77','5');
INSERT INTO bug (id, tester_id) VALUES ('78','7');
INSERT INTO bug (id, tester_id) VALUES ('79','7');
INSERT INTO bug (id, tester_id) VALUES ('80','2');
INSERT INTO bug (id, tester_id) VALUES ('81','7');
INSERT INTO bug (id, tester_id) VALUES ('82','4');
INSERT INTO bug (id, tester_id) VALUES ('83','4');
INSERT INTO bug (id, tester_id) VALUES ('84','9');
INSERT INTO bug (id, tester_id) VALUES ('85','4');
INSERT INTO bug (id, tester_id) VALUES ('86','3');
INSERT INTO bug (id, tester_id) VALUES ('87','2');
INSERT INTO bug (id, tester_id) VALUES ('88','5');
INSERT INTO bug (id, tester_id) VALUES ('89','3');
INSERT INTO bug (id, tester_id) VALUES ('90','2');
INSERT INTO bug (id, tester_id) VALUES ('91','6');
INSERT INTO bug (id, tester_id) VALUES ('92','1');
INSERT INTO bug (id, tester_id) VALUES ('93','4');
INSERT INTO bug (id, tester_id) VALUES ('94','5');
INSERT INTO bug (id, tester_id) VALUES ('95','5');
INSERT INTO bug (id, tester_id) VALUES ('96','7');
INSERT INTO bug (id, tester_id) VALUES ('97','5');
INSERT INTO bug (id, tester_id) VALUES ('98','3');
INSERT INTO bug (id, tester_id) VALUES ('99','3');
INSERT INTO bug (id, tester_id) VALUES ('100','6');
INSERT INTO bug (id, tester_id) VALUES ('101','9');
INSERT INTO bug (id, tester_id) VALUES ('102','4');
INSERT INTO bug (id, tester_id) VALUES ('103','6');
INSERT INTO bug (id, tester_id) VALUES ('104','8');
INSERT INTO bug (id, tester_id) VALUES ('105','8');
INSERT INTO bug (id, tester_id) VALUES ('106','8');
INSERT INTO bug (id, tester_id) VALUES ('107','3');
INSERT INTO bug (id, tester_id) VALUES ('108','9');
INSERT INTO bug (id, tester_id) VALUES ('109','8');
INSERT INTO bug (id, tester_id) VALUES ('110','7');
INSERT INTO bug (id, tester_id) VALUES ('111','4');
INSERT INTO bug (id, tester_id) VALUES ('112','5');
INSERT INTO bug (id, tester_id) VALUES ('113','7');
INSERT INTO bug (id, tester_id) VALUES ('114','6');
INSERT INTO bug (id, tester_id) VALUES ('115','2');
INSERT INTO bug (id, tester_id) VALUES ('116','7');
INSERT INTO bug (id, tester_id) VALUES ('117','7');
INSERT INTO bug (id, tester_id) VALUES ('118','9');
INSERT INTO bug (id, tester_id) VALUES ('119','3');
INSERT INTO bug (id, tester_id) VALUES ('120','8');
INSERT INTO bug (id, tester_id) VALUES ('121','3');
INSERT INTO bug (id, tester_id) VALUES ('122','5');
INSERT INTO bug (id, tester_id) VALUES ('123','2');
INSERT INTO bug (id, tester_id) VALUES ('124','9');
INSERT INTO bug (id, tester_id) VALUES ('125','3');
INSERT INTO bug (id, tester_id) VALUES ('126','9');
INSERT INTO bug (id, tester_id) VALUES ('127','6');
INSERT INTO bug (id, tester_id) VALUES ('128','4');
INSERT INTO bug (id, tester_id) VALUES ('129','7');
INSERT INTO bug (id, tester_id) VALUES ('130','4');
INSERT INTO bug (id, tester_id) VALUES ('131','5');
INSERT INTO bug (id, tester_id) VALUES ('132','3');
INSERT INTO bug (id, tester_id) VALUES ('133','6');
INSERT INTO bug (id, tester_id) VALUES ('134','5');
INSERT INTO bug (id, tester_id) VALUES ('135','3');
INSERT INTO bug (id, tester_id) VALUES ('136','5');
INSERT INTO bug (id, tester_id) VALUES ('137','5');
INSERT INTO bug (id, tester_id) VALUES ('138','1');
INSERT INTO bug (id, tester_id) VALUES ('139','6');
INSERT INTO bug (id, tester_id) VALUES ('140','5');
INSERT INTO bug (id, tester_id) VALUES ('141','1');
INSERT INTO bug (id, tester_id) VALUES ('142','3');
INSERT INTO bug (id, tester_id) VALUES ('143','9');
INSERT INTO bug (id, tester_id) VALUES ('144','1');
INSERT INTO bug (id, tester_id) VALUES ('145','6');
INSERT INTO bug (id, tester_id) VALUES ('146','4');
INSERT INTO bug (id, tester_id) VALUES ('147','6');
INSERT INTO bug (id, tester_id) VALUES ('148','5');
INSERT INTO bug (id, tester_id) VALUES ('149','4');
INSERT INTO bug (id, tester_id) VALUES ('150','6');
INSERT INTO bug (id, tester_id) VALUES ('151','1');
INSERT INTO bug (id, tester_id) VALUES ('152','3');
INSERT INTO bug (id, tester_id) VALUES ('153','8');
INSERT INTO bug (id, tester_id) VALUES ('154','4');
INSERT INTO bug (id, tester_id) VALUES ('155','6');
INSERT INTO bug (id, tester_id) VALUES ('156','6');
INSERT INTO bug (id, tester_id) VALUES ('157','9');
INSERT INTO bug (id, tester_id) VALUES ('158','6');
INSERT INTO bug (id, tester_id) VALUES ('159','5');
INSERT INTO bug (id, tester_id) VALUES ('160','7');
INSERT INTO bug (id, tester_id) VALUES ('161','7');
INSERT INTO bug (id, tester_id) VALUES ('162','4');
INSERT INTO bug (id, tester_id) VALUES ('163','9');
INSERT INTO bug (id, tester_id) VALUES ('164','1');
INSERT INTO bug (id, tester_id) VALUES ('165','9');
INSERT INTO bug (id, tester_id) VALUES ('166','6');
INSERT INTO bug (id, tester_id) VALUES ('167','9');
INSERT INTO bug (id, tester_id) VALUES ('168','8');
INSERT INTO bug (id, tester_id) VALUES ('169','4');
INSERT INTO bug (id, tester_id) VALUES ('170','1');
INSERT INTO bug (id, tester_id) VALUES ('171','4');
INSERT INTO bug (id, tester_id) VALUES ('172','3');
INSERT INTO bug (id, tester_id) VALUES ('173','2');
INSERT INTO bug (id, tester_id) VALUES ('174','9');
INSERT INTO bug (id, tester_id) VALUES ('175','1');
INSERT INTO bug (id, tester_id) VALUES ('176','2');
INSERT INTO bug (id, tester_id) VALUES ('177','5');
INSERT INTO bug (id, tester_id) VALUES ('178','3');
INSERT INTO bug (id, tester_id) VALUES ('179','5');
INSERT INTO bug (id, tester_id) VALUES ('180','2');
INSERT INTO bug (id, tester_id) VALUES ('181','7');
INSERT INTO bug (id, tester_id) VALUES ('182','4');
INSERT INTO bug (id, tester_id) VALUES ('183','4');
INSERT INTO bug (id, tester_id) VALUES ('184','4');
INSERT INTO bug (id, tester_id) VALUES ('185','1');
INSERT INTO bug (id, tester_id) VALUES ('186','1');
INSERT INTO bug (id, tester_id) VALUES ('187','2');
INSERT INTO bug (id, tester_id) VALUES ('188','2');
INSERT INTO bug (id, tester_id) VALUES ('189','2');
INSERT INTO bug (id, tester_id) VALUES ('190','1');
INSERT INTO bug (id, tester_id) VALUES ('191','6');
INSERT INTO bug (id, tester_id) VALUES ('192','7');
INSERT INTO bug (id, tester_id) VALUES ('193','2');
INSERT INTO bug (id, tester_id) VALUES ('194','5');
INSERT INTO bug (id, tester_id) VALUES ('195','9');
INSERT INTO bug (id, tester_id) VALUES ('196','2');
INSERT INTO bug (id, tester_id) VALUES ('197','3');
INSERT INTO bug (id, tester_id) VALUES ('198','5');
INSERT INTO bug (id, tester_id) VALUES ('199','1');
INSERT INTO bug (id, tester_id) VALUES ('200','7');
INSERT INTO bug (id, tester_id) VALUES ('201','4');
INSERT INTO bug (id, tester_id) VALUES ('202','9');
INSERT INTO bug (id, tester_id) VALUES ('203','1');
INSERT INTO bug (id, tester_id) VALUES ('204','7');
INSERT INTO bug (id, tester_id) VALUES ('205','4');
INSERT INTO bug (id, tester_id) VALUES ('206','7');
INSERT INTO bug (id, tester_id) VALUES ('207','3');
INSERT INTO bug (id, tester_id) VALUES ('208','5');
INSERT INTO bug (id, tester_id) VALUES ('209','2');
INSERT INTO bug (id, tester_id) VALUES ('210','8');
INSERT INTO bug (id, tester_id) VALUES ('211','5');
INSERT INTO bug (id, tester_id) VALUES ('212','2');
INSERT INTO bug (id, tester_id) VALUES ('213','5');
INSERT INTO bug (id, tester_id) VALUES ('214','5');
INSERT INTO bug (id, tester_id) VALUES ('215','9');
INSERT INTO bug (id, tester_id) VALUES ('216','6');
INSERT INTO bug (id, tester_id) VALUES ('217','4');
INSERT INTO bug (id, tester_id) VALUES ('218','9');
INSERT INTO bug (id, tester_id) VALUES ('219','4');
INSERT INTO bug (id, tester_id) VALUES ('220','4');
INSERT INTO bug (id, tester_id) VALUES ('221','5');
INSERT INTO bug (id, tester_id) VALUES ('222','5');
INSERT INTO bug (id, tester_id) VALUES ('223','6');
INSERT INTO bug (id, tester_id) VALUES ('224','5');
INSERT INTO bug (id, tester_id) VALUES ('225','3');
INSERT INTO bug (id, tester_id) VALUES ('226','6');
INSERT INTO bug (id, tester_id) VALUES ('227','2');
INSERT INTO bug (id, tester_id) VALUES ('228','3');
INSERT INTO bug (id, tester_id) VALUES ('229','9');
INSERT INTO bug (id, tester_id) VALUES ('230','6');
INSERT INTO bug (id, tester_id) VALUES ('231','4');
INSERT INTO bug (id, tester_id) VALUES ('232','8');
INSERT INTO bug (id, tester_id) VALUES ('233','1');
INSERT INTO bug (id, tester_id) VALUES ('234','6');
INSERT INTO bug (id, tester_id) VALUES ('235','1');
INSERT INTO bug (id, tester_id) VALUES ('236','8');
INSERT INTO bug (id, tester_id) VALUES ('237','2');
INSERT INTO bug (id, tester_id) VALUES ('238','8');
INSERT INTO bug (id, tester_id) VALUES ('239','1');
INSERT INTO bug (id, tester_id) VALUES ('240','9');
INSERT INTO bug (id, tester_id) VALUES ('241','4');
INSERT INTO bug (id, tester_id) VALUES ('242','9');
INSERT INTO bug (id, tester_id) VALUES ('243','6');
INSERT INTO bug (id, tester_id) VALUES ('244','5');
INSERT INTO bug (id, tester_id) VALUES ('245','4');
INSERT INTO bug (id, tester_id) VALUES ('246','8');
INSERT INTO bug (id, tester_id) VALUES ('247','5');
INSERT INTO bug (id, tester_id) VALUES ('248','1');
INSERT INTO bug (id, tester_id) VALUES ('249','5');
INSERT INTO bug (id, tester_id) VALUES ('250','6');
INSERT INTO bug (id, tester_id) VALUES ('251','4');
INSERT INTO bug (id, tester_id) VALUES ('252','5');
INSERT INTO bug (id, tester_id) VALUES ('253','4');
INSERT INTO bug (id, tester_id) VALUES ('254','7');
INSERT INTO bug (id, tester_id) VALUES ('255','3');
INSERT INTO bug (id, tester_id) VALUES ('256','7');
INSERT INTO bug (id, tester_id) VALUES ('257','7');
INSERT INTO bug (id, tester_id) VALUES ('258','7');
INSERT INTO bug (id, tester_id) VALUES ('259','3');
INSERT INTO bug (id, tester_id) VALUES ('260','7');
INSERT INTO bug (id, tester_id) VALUES ('261','1');
INSERT INTO bug (id, tester_id) VALUES ('262','3');
INSERT INTO bug (id, tester_id) VALUES ('263','7');
INSERT INTO bug (id, tester_id) VALUES ('264','4');
INSERT INTO bug (id, tester_id) VALUES ('265','5');
INSERT INTO bug (id, tester_id) VALUES ('266','9');
INSERT INTO bug (id, tester_id) VALUES ('267','1');
INSERT INTO bug (id, tester_id) VALUES ('268','7');
INSERT INTO bug (id, tester_id) VALUES ('269','9');
INSERT INTO bug (id, tester_id) VALUES ('270','7');
INSERT INTO bug (id, tester_id) VALUES ('271','4');
INSERT INTO bug (id, tester_id) VALUES ('272','2');
INSERT INTO bug (id, tester_id) VALUES ('273','1');
INSERT INTO bug (id, tester_id) VALUES ('274','4');
INSERT INTO bug (id, tester_id) VALUES ('275','6');
INSERT INTO bug (id, tester_id) VALUES ('276','9');
INSERT INTO bug (id, tester_id) VALUES ('277','2');
INSERT INTO bug (id, tester_id) VALUES ('278','5');
INSERT INTO bug (id, tester_id) VALUES ('279','1');
INSERT INTO bug (id, tester_id) VALUES ('280','9');
INSERT INTO bug (id, tester_id) VALUES ('281','6');
INSERT INTO bug (id, tester_id) VALUES ('282','4');
INSERT INTO bug (id, tester_id) VALUES ('283','9');
INSERT INTO bug (id, tester_id) VALUES ('284','5');
INSERT INTO bug (id, tester_id) VALUES ('285','3');
INSERT INTO bug (id, tester_id) VALUES ('286','6');
INSERT INTO bug (id, tester_id) VALUES ('287','3');
INSERT INTO bug (id, tester_id) VALUES ('288','4');
INSERT INTO bug (id, tester_id) VALUES ('289','3');
INSERT INTO bug (id, tester_id) VALUES ('290','7');
INSERT INTO bug (id, tester_id) VALUES ('291','2');
INSERT INTO bug (id, tester_id) VALUES ('292','8');
INSERT INTO bug (id, tester_id) VALUES ('293','9');
INSERT INTO bug (id, tester_id) VALUES ('294','2');
INSERT INTO bug (id, tester_id) VALUES ('295','8');
INSERT INTO bug (id, tester_id) VALUES ('296','8');
INSERT INTO bug (id, tester_id) VALUES ('297','7');
INSERT INTO bug (id, tester_id) VALUES ('298','8');
INSERT INTO bug (id, tester_id) VALUES ('299','8');
INSERT INTO bug (id, tester_id) VALUES ('300','2');
INSERT INTO bug (id, tester_id) VALUES ('301','2');
INSERT INTO bug (id, tester_id) VALUES ('302','8');
INSERT INTO bug (id, tester_id) VALUES ('303','6');
INSERT INTO bug (id, tester_id) VALUES ('304','6');
INSERT INTO bug (id, tester_id) VALUES ('305','2');
INSERT INTO bug (id, tester_id) VALUES ('306','8');
INSERT INTO bug (id, tester_id) VALUES ('307','5');
INSERT INTO bug (id, tester_id) VALUES ('308','3');
INSERT INTO bug (id, tester_id) VALUES ('309','7');
INSERT INTO bug (id, tester_id) VALUES ('310','7');
INSERT INTO bug (id, tester_id) VALUES ('311','2');
INSERT INTO bug (id, tester_id) VALUES ('312','8');
INSERT INTO bug (id, tester_id) VALUES ('313','6');
INSERT INTO bug (id, tester_id) VALUES ('314','2');
INSERT INTO bug (id, tester_id) VALUES ('315','1');
INSERT INTO bug (id, tester_id) VALUES ('316','7');
INSERT INTO bug (id, tester_id) VALUES ('317','2');
INSERT INTO bug (id, tester_id) VALUES ('318','3');
INSERT INTO bug (id, tester_id) VALUES ('319','4');
INSERT INTO bug (id, tester_id) VALUES ('320','6');
INSERT INTO bug (id, tester_id) VALUES ('321','7');
INSERT INTO bug (id, tester_id) VALUES ('322','1');
INSERT INTO bug (id, tester_id) VALUES ('323','4');
INSERT INTO bug (id, tester_id) VALUES ('324','9');
INSERT INTO bug (id, tester_id) VALUES ('325','3');
INSERT INTO bug (id, tester_id) VALUES ('326','8');
INSERT INTO bug (id, tester_id) VALUES ('327','3');
INSERT INTO bug (id, tester_id) VALUES ('328','9');
INSERT INTO bug (id, tester_id) VALUES ('329','8');
INSERT INTO bug (id, tester_id) VALUES ('330','1');
INSERT INTO bug (id, tester_id) VALUES ('331','8');
INSERT INTO bug (id, tester_id) VALUES ('332','1');
INSERT INTO bug (id, tester_id) VALUES ('333','7');
INSERT INTO bug (id, tester_id) VALUES ('334','3');
INSERT INTO bug (id, tester_id) VALUES ('335','4');
INSERT INTO bug (id, tester_id) VALUES ('336','4');
INSERT INTO bug (id, tester_id) VALUES ('337','3');
INSERT INTO bug (id, tester_id) VALUES ('338','5');
INSERT INTO bug (id, tester_id) VALUES ('339','2');
INSERT INTO bug (id, tester_id) VALUES ('340','9');
INSERT INTO bug (id, tester_id) VALUES ('341','9');
INSERT INTO bug (id, tester_id) VALUES ('342','6');
INSERT INTO bug (id, tester_id) VALUES ('343','5');
INSERT INTO bug (id, tester_id) VALUES ('344','3');
INSERT INTO bug (id, tester_id) VALUES ('345','3');
INSERT INTO bug (id, tester_id) VALUES ('346','7');
INSERT INTO bug (id, tester_id) VALUES ('347','3');
INSERT INTO bug (id, tester_id) VALUES ('348','8');
INSERT INTO bug (id, tester_id) VALUES ('349','4');
INSERT INTO bug (id, tester_id) VALUES ('350','7');
INSERT INTO bug (id, tester_id) VALUES ('351','2');
INSERT INTO bug (id, tester_id) VALUES ('352','5');
INSERT INTO bug (id, tester_id) VALUES ('353','8');
INSERT INTO bug (id, tester_id) VALUES ('354','8');
INSERT INTO bug (id, tester_id) VALUES ('355','2');
INSERT INTO bug (id, tester_id) VALUES ('356','7');
INSERT INTO bug (id, tester_id) VALUES ('357','9');
INSERT INTO bug (id, tester_id) VALUES ('358','5');
INSERT INTO bug (id, tester_id) VALUES ('359','4');
INSERT INTO bug (id, tester_id) VALUES ('360','9');
INSERT INTO bug (id, tester_id) VALUES ('361','2');
INSERT INTO bug (id, tester_id) VALUES ('362','7');
INSERT INTO bug (id, tester_id) VALUES ('363','2');
INSERT INTO bug (id, tester_id) VALUES ('364','3');
INSERT INTO bug (id, tester_id) VALUES ('365','6');
INSERT INTO bug (id, tester_id) VALUES ('366','3');
INSERT INTO bug (id, tester_id) VALUES ('367','1');
INSERT INTO bug (id, tester_id) VALUES ('368','1');
INSERT INTO bug (id, tester_id) VALUES ('369','2');
INSERT INTO bug (id, tester_id) VALUES ('370','5');
INSERT INTO bug (id, tester_id) VALUES ('371','5');
INSERT INTO bug (id, tester_id) VALUES ('372','9');
INSERT INTO bug (id, tester_id) VALUES ('373','5');
INSERT INTO bug (id, tester_id) VALUES ('374','4');
INSERT INTO bug (id, tester_id) VALUES ('375','1');
INSERT INTO bug (id, tester_id) VALUES ('376','6');
INSERT INTO bug (id, tester_id) VALUES ('377','2');
INSERT INTO bug (id, tester_id) VALUES ('378','5');
INSERT INTO bug (id, tester_id) VALUES ('379','3');
INSERT INTO bug (id, tester_id) VALUES ('380','1');
INSERT INTO bug (id, tester_id) VALUES ('381','9');
INSERT INTO bug (id, tester_id) VALUES ('382','9');
INSERT INTO bug (id, tester_id) VALUES ('383','7');
INSERT INTO bug (id, tester_id) VALUES ('384','8');
INSERT INTO bug (id, tester_id) VALUES ('385','6');
INSERT INTO bug (id, tester_id) VALUES ('386','9');
INSERT INTO bug (id, tester_id) VALUES ('387','4');
INSERT INTO bug (id, tester_id) VALUES ('388','5');
INSERT INTO bug (id, tester_id) VALUES ('389','4');
INSERT INTO bug (id, tester_id) VALUES ('390','1');
INSERT INTO bug (id, tester_id) VALUES ('391','7');
INSERT INTO bug (id, tester_id) VALUES ('392','2');
INSERT INTO bug (id, tester_id) VALUES ('393','6');
INSERT INTO bug (id, tester_id) VALUES ('394','7');
INSERT INTO bug (id, tester_id) VALUES ('395','6');
INSERT INTO bug (id, tester_id) VALUES ('396','6');
INSERT INTO bug (id, tester_id) VALUES ('397','8');
INSERT INTO bug (id, tester_id) VALUES ('398','8');
INSERT INTO bug (id, tester_id) VALUES ('399','4');
INSERT INTO bug (id, tester_id) VALUES ('400','8');
INSERT INTO bug (id, tester_id) VALUES ('401','9');
INSERT INTO bug (id, tester_id) VALUES ('402','5');
INSERT INTO bug (id, tester_id) VALUES ('403','3');
INSERT INTO bug (id, tester_id) VALUES ('404','2');
INSERT INTO bug (id, tester_id) VALUES ('405','4');
INSERT INTO bug (id, tester_id) VALUES ('406','4');
INSERT INTO bug (id, tester_id) VALUES ('407','4');
INSERT INTO bug (id, tester_id) VALUES ('408','9');
INSERT INTO bug (id, tester_id) VALUES ('409','2');
INSERT INTO bug (id, tester_id) VALUES ('410','6');
INSERT INTO bug (id, tester_id) VALUES ('411','1');
INSERT INTO bug (id, tester_id) VALUES ('412','8');
INSERT INTO bug (id, tester_id) VALUES ('413','6');
INSERT INTO bug (id, tester_id) VALUES ('414','1');
INSERT INTO bug (id, tester_id) VALUES ('415','2');
INSERT INTO bug (id, tester_id) VALUES ('416','8');
INSERT INTO bug (id, tester_id) VALUES ('417','1');
INSERT INTO bug (id, tester_id) VALUES ('418','5');
INSERT INTO bug (id, tester_id) VALUES ('419','4');
INSERT INTO bug (id, tester_id) VALUES ('420','9');
INSERT INTO bug (id, tester_id) VALUES ('421','9');
INSERT INTO bug (id, tester_id) VALUES ('422','7');
INSERT INTO bug (id, tester_id) VALUES ('423','2');
INSERT INTO bug (id, tester_id) VALUES ('424','9');
INSERT INTO bug (id, tester_id) VALUES ('425','1');
INSERT INTO bug (id, tester_id) VALUES ('426','7');
INSERT INTO bug (id, tester_id) VALUES ('427','4');
INSERT INTO bug (id, tester_id) VALUES ('428','1');
INSERT INTO bug (id, tester_id) VALUES ('429','5');
INSERT INTO bug (id, tester_id) VALUES ('430','5');
INSERT INTO bug (id, tester_id) VALUES ('431','4');
INSERT INTO bug (id, tester_id) VALUES ('432','7');
INSERT INTO bug (id, tester_id) VALUES ('433','9');
INSERT INTO bug (id, tester_id) VALUES ('434','4');
INSERT INTO bug (id, tester_id) VALUES ('435','9');
INSERT INTO bug (id, tester_id) VALUES ('436','7');
INSERT INTO bug (id, tester_id) VALUES ('437','1');
INSERT INTO bug (id, tester_id) VALUES ('438','8');
INSERT INTO bug (id, tester_id) VALUES ('439','1');
INSERT INTO bug (id, tester_id) VALUES ('440','4');
INSERT INTO bug (id, tester_id) VALUES ('441','9');
INSERT INTO bug (id, tester_id) VALUES ('442','1');
INSERT INTO bug (id, tester_id) VALUES ('443','6');
INSERT INTO bug (id, tester_id) VALUES ('444','9');
INSERT INTO bug (id, tester_id) VALUES ('445','1');
INSERT INTO bug (id, tester_id) VALUES ('446','3');
INSERT INTO bug (id, tester_id) VALUES ('447','7');
INSERT INTO bug (id, tester_id) VALUES ('448','4');
INSERT INTO bug (id, tester_id) VALUES ('449','4');
INSERT INTO bug (id, tester_id) VALUES ('450','6');
INSERT INTO bug (id, tester_id) VALUES ('451','1');
INSERT INTO bug (id, tester_id) VALUES ('452','3');
INSERT INTO bug (id, tester_id) VALUES ('453','5');
INSERT INTO bug (id, tester_id) VALUES ('454','4');
INSERT INTO bug (id, tester_id) VALUES ('455','3');
INSERT INTO bug (id, tester_id) VALUES ('456','4');
INSERT INTO bug (id, tester_id) VALUES ('457','6');
INSERT INTO bug (id, tester_id) VALUES ('458','4');
INSERT INTO bug (id, tester_id) VALUES ('459','8');
INSERT INTO bug (id, tester_id) VALUES ('460','6');
INSERT INTO bug (id, tester_id) VALUES ('461','2');
INSERT INTO bug (id, tester_id) VALUES ('462','9');
INSERT INTO bug (id, tester_id) VALUES ('463','6');
INSERT INTO bug (id, tester_id) VALUES ('464','2');
INSERT INTO bug (id, tester_id) VALUES ('465','4');
INSERT INTO bug (id, tester_id) VALUES ('466','1');
INSERT INTO bug (id, tester_id) VALUES ('467','1');
INSERT INTO bug (id, tester_id) VALUES ('468','9');
INSERT INTO bug (id, tester_id) VALUES ('469','9');
INSERT INTO bug (id, tester_id) VALUES ('470','5');
INSERT INTO bug (id, tester_id) VALUES ('471','8');
INSERT INTO bug (id, tester_id) VALUES ('472','4');
INSERT INTO bug (id, tester_id) VALUES ('473','9');
INSERT INTO bug (id, tester_id) VALUES ('474','5');
INSERT INTO bug (id, tester_id) VALUES ('475','3');
INSERT INTO bug (id, tester_id) VALUES ('476','2');
INSERT INTO bug (id, tester_id) VALUES ('477','6');
INSERT INTO bug (id, tester_id) VALUES ('478','7');
INSERT INTO bug (id, tester_id) VALUES ('479','7');
INSERT INTO bug (id, tester_id) VALUES ('480','6');
INSERT INTO bug (id, tester_id) VALUES ('481','6');
INSERT INTO bug (id, tester_id) VALUES ('482','7');
INSERT INTO bug (id, tester_id) VALUES ('483','3');
INSERT INTO bug (id, tester_id) VALUES ('484','8');
INSERT INTO bug (id, tester_id) VALUES ('485','3');
INSERT INTO bug (id, tester_id) VALUES ('486','1');
INSERT INTO bug (id, tester_id) VALUES ('487','8');
INSERT INTO bug (id, tester_id) VALUES ('488','7');
INSERT INTO bug (id, tester_id) VALUES ('489','6');
INSERT INTO bug (id, tester_id) VALUES ('490','6');
INSERT INTO bug (id, tester_id) VALUES ('491','6');
INSERT INTO bug (id, tester_id) VALUES ('492','4');
INSERT INTO bug (id, tester_id) VALUES ('493','8');
INSERT INTO bug (id, tester_id) VALUES ('494','3');
INSERT INTO bug (id, tester_id) VALUES ('495','8');
INSERT INTO bug (id, tester_id) VALUES ('496','3');
INSERT INTO bug (id, tester_id) VALUES ('497','6');
INSERT INTO bug (id, tester_id) VALUES ('498','1');
INSERT INTO bug (id, tester_id) VALUES ('499','7');
INSERT INTO bug (id, tester_id) VALUES ('500','6');
INSERT INTO bug (id, tester_id) VALUES ('501','8');
INSERT INTO bug (id, tester_id) VALUES ('502','8');
INSERT INTO bug (id, tester_id) VALUES ('503','6');
INSERT INTO bug (id, tester_id) VALUES ('504','6');
INSERT INTO bug (id, tester_id) VALUES ('505','4');
INSERT INTO bug (id, tester_id) VALUES ('506','8');
INSERT INTO bug (id, tester_id) VALUES ('507','3');
INSERT INTO bug (id, tester_id) VALUES ('508','8');
INSERT INTO bug (id, tester_id) VALUES ('509','8');
INSERT INTO bug (id, tester_id) VALUES ('510','3');
INSERT INTO bug (id, tester_id) VALUES ('511','8');
INSERT INTO bug (id, tester_id) VALUES ('512','5');
INSERT INTO bug (id, tester_id) VALUES ('513','5');
INSERT INTO bug (id, tester_id) VALUES ('514','7');
INSERT INTO bug (id, tester_id) VALUES ('515','4');
INSERT INTO bug (id, tester_id) VALUES ('516','2');
INSERT INTO bug (id, tester_id) VALUES ('517','3');
INSERT INTO bug (id, tester_id) VALUES ('518','3');
INSERT INTO bug (id, tester_id) VALUES ('519','6');
INSERT INTO bug (id, tester_id) VALUES ('520','5');
INSERT INTO bug (id, tester_id) VALUES ('521','5');
INSERT INTO bug (id, tester_id) VALUES ('522','3');
INSERT INTO bug (id, tester_id) VALUES ('523','8');
INSERT INTO bug (id, tester_id) VALUES ('524','1');
INSERT INTO bug (id, tester_id) VALUES ('525','2');
INSERT INTO bug (id, tester_id) VALUES ('526','3');
INSERT INTO bug (id, tester_id) VALUES ('527','7');
INSERT INTO bug (id, tester_id) VALUES ('528','2');
INSERT INTO bug (id, tester_id) VALUES ('529','6');
INSERT INTO bug (id, tester_id) VALUES ('530','8');
INSERT INTO bug (id, tester_id) VALUES ('531','6');
INSERT INTO bug (id, tester_id) VALUES ('532','3');
INSERT INTO bug (id, tester_id) VALUES ('533','3');
INSERT INTO bug (id, tester_id) VALUES ('534','1');
INSERT INTO bug (id, tester_id) VALUES ('535','8');
INSERT INTO bug (id, tester_id) VALUES ('536','7');
INSERT INTO bug (id, tester_id) VALUES ('537','9');
INSERT INTO bug (id, tester_id) VALUES ('538','6');
INSERT INTO bug (id, tester_id) VALUES ('539','2');
INSERT INTO bug (id, tester_id) VALUES ('540','4');
INSERT INTO bug (id, tester_id) VALUES ('541','2');
INSERT INTO bug (id, tester_id) VALUES ('542','3');
INSERT INTO bug (id, tester_id) VALUES ('543','1');
INSERT INTO bug (id, tester_id) VALUES ('544','1');
INSERT INTO bug (id, tester_id) VALUES ('545','3');
INSERT INTO bug (id, tester_id) VALUES ('546','3');
INSERT INTO bug (id, tester_id) VALUES ('547','8');
INSERT INTO bug (id, tester_id) VALUES ('548','4');
INSERT INTO bug (id, tester_id) VALUES ('549','4');
INSERT INTO bug (id, tester_id) VALUES ('550','9');
INSERT INTO bug (id, tester_id) VALUES ('551','4');
INSERT INTO bug (id, tester_id) VALUES ('552','1');
INSERT INTO bug (id, tester_id) VALUES ('553','1');
INSERT INTO bug (id, tester_id) VALUES ('554','1');
INSERT INTO bug (id, tester_id) VALUES ('555','9');
INSERT INTO bug (id, tester_id) VALUES ('556','6');
INSERT INTO bug (id, tester_id) VALUES ('557','8');
INSERT INTO bug (id, tester_id) VALUES ('558','7');
INSERT INTO bug (id, tester_id) VALUES ('559','1');
INSERT INTO bug (id, tester_id) VALUES ('560','6');
INSERT INTO bug (id, tester_id) VALUES ('561','5');
INSERT INTO bug (id, tester_id) VALUES ('562','2');
INSERT INTO bug (id, tester_id) VALUES ('563','8');
INSERT INTO bug (id, tester_id) VALUES ('564','9');
INSERT INTO bug (id, tester_id) VALUES ('565','2');
INSERT INTO bug (id, tester_id) VALUES ('566','1');
INSERT INTO bug (id, tester_id) VALUES ('567','7');
INSERT INTO bug (id, tester_id) VALUES ('568','3');
INSERT INTO bug (id, tester_id) VALUES ('569','4');
INSERT INTO bug (id, tester_id) VALUES ('570','5');
INSERT INTO bug (id, tester_id) VALUES ('571','2');
INSERT INTO bug (id, tester_id) VALUES ('572','2');
INSERT INTO bug (id, tester_id) VALUES ('573','8');
INSERT INTO bug (id, tester_id) VALUES ('574','7');
INSERT INTO bug (id, tester_id) VALUES ('575','6');
INSERT INTO bug (id, tester_id) VALUES ('576','3');
INSERT INTO bug (id, tester_id) VALUES ('577','7');
INSERT INTO bug (id, tester_id) VALUES ('578','5');
INSERT INTO bug (id, tester_id) VALUES ('579','9');
INSERT INTO bug (id, tester_id) VALUES ('580','9');
INSERT INTO bug (id, tester_id) VALUES ('581','2');
INSERT INTO bug (id, tester_id) VALUES ('582','9');
INSERT INTO bug (id, tester_id) VALUES ('583','4');
INSERT INTO bug (id, tester_id) VALUES ('584','7');
INSERT INTO bug (id, tester_id) VALUES ('585','4');
INSERT INTO bug (id, tester_id) VALUES ('586','8');
INSERT INTO bug (id, tester_id) VALUES ('587','7');
INSERT INTO bug (id, tester_id) VALUES ('588','4');
INSERT INTO bug (id, tester_id) VALUES ('589','9');
INSERT INTO bug (id, tester_id) VALUES ('590','8');
INSERT INTO bug (id, tester_id) VALUES ('591','1');
INSERT INTO bug (id, tester_id) VALUES ('592','4');
INSERT INTO bug (id, tester_id) VALUES ('593','8');
INSERT INTO bug (id, tester_id) VALUES ('594','3');
INSERT INTO bug (id, tester_id) VALUES ('595','7');
INSERT INTO bug (id, tester_id) VALUES ('596','7');
INSERT INTO bug (id, tester_id) VALUES ('597','3');
INSERT INTO bug (id, tester_id) VALUES ('598','9');
INSERT INTO bug (id, tester_id) VALUES ('599','5');
INSERT INTO bug (id, tester_id) VALUES ('600','1');
INSERT INTO bug (id, tester_id) VALUES ('601','4');
INSERT INTO bug (id, tester_id) VALUES ('602','9');
INSERT INTO bug (id, tester_id) VALUES ('603','1');
INSERT INTO bug (id, tester_id) VALUES ('604','5');
INSERT INTO bug (id, tester_id) VALUES ('605','5');
INSERT INTO bug (id, tester_id) VALUES ('606','9');
INSERT INTO bug (id, tester_id) VALUES ('607','8');
INSERT INTO bug (id, tester_id) VALUES ('608','4');
INSERT INTO bug (id, tester_id) VALUES ('609','1');
INSERT INTO bug (id, tester_id) VALUES ('610','1');
INSERT INTO bug (id, tester_id) VALUES ('611','3');
INSERT INTO bug (id, tester_id) VALUES ('612','7');
INSERT INTO bug (id, tester_id) VALUES ('613','3');
INSERT INTO bug (id, tester_id) VALUES ('614','1');
INSERT INTO bug (id, tester_id) VALUES ('615','5');
INSERT INTO bug (id, tester_id) VALUES ('616','7');
INSERT INTO bug (id, tester_id) VALUES ('617','8');
INSERT INTO bug (id, tester_id) VALUES ('618','2');
INSERT INTO bug (id, tester_id) VALUES ('619','2');
INSERT INTO bug (id, tester_id) VALUES ('620','7');
INSERT INTO bug (id, tester_id) VALUES ('621','1');
INSERT INTO bug (id, tester_id) VALUES ('622','4');
INSERT INTO bug (id, tester_id) VALUES ('623','1');
INSERT INTO bug (id, tester_id) VALUES ('624','8');
INSERT INTO bug (id, tester_id) VALUES ('625','8');
INSERT INTO bug (id, tester_id) VALUES ('626','7');
INSERT INTO bug (id, tester_id) VALUES ('627','6');
INSERT INTO bug (id, tester_id) VALUES ('628','5');
INSERT INTO bug (id, tester_id) VALUES ('629','9');
INSERT INTO bug (id, tester_id) VALUES ('630','3');
INSERT INTO bug (id, tester_id) VALUES ('631','4');
INSERT INTO bug (id, tester_id) VALUES ('632','1');
INSERT INTO bug (id, tester_id) VALUES ('633','6');
INSERT INTO bug (id, tester_id) VALUES ('634','4');
INSERT INTO bug (id, tester_id) VALUES ('635','5');
INSERT INTO bug (id, tester_id) VALUES ('636','6');
INSERT INTO bug (id, tester_id) VALUES ('637','8');
INSERT INTO bug (id, tester_id) VALUES ('638','7');
INSERT INTO bug (id, tester_id) VALUES ('639','2');
INSERT INTO bug (id, tester_id) VALUES ('640','3');
INSERT INTO bug (id, tester_id) VALUES ('641','9');
INSERT INTO bug (id, tester_id) VALUES ('642','2');
INSERT INTO bug (id, tester_id) VALUES ('643','1');
INSERT INTO bug (id, tester_id) VALUES ('644','6');
INSERT INTO bug (id, tester_id) VALUES ('645','7');
INSERT INTO bug (id, tester_id) VALUES ('646','8');
INSERT INTO bug (id, tester_id) VALUES ('647','9');
INSERT INTO bug (id, tester_id) VALUES ('648','5');
INSERT INTO bug (id, tester_id) VALUES ('649','5');
INSERT INTO bug (id, tester_id) VALUES ('650','6');
INSERT INTO bug (id, tester_id) VALUES ('651','2');
INSERT INTO bug (id, tester_id) VALUES ('652','1');
INSERT INTO bug (id, tester_id) VALUES ('653','6');
INSERT INTO bug (id, tester_id) VALUES ('654','5');
INSERT INTO bug (id, tester_id) VALUES ('655','7');
INSERT INTO bug (id, tester_id) VALUES ('656','2');
INSERT INTO bug (id, tester_id) VALUES ('657','8');
INSERT INTO bug (id, tester_id) VALUES ('658','6');
INSERT INTO bug (id, tester_id) VALUES ('659','1');
INSERT INTO bug (id, tester_id) VALUES ('660','7');
INSERT INTO bug (id, tester_id) VALUES ('661','2');
INSERT INTO bug (id, tester_id) VALUES ('662','8');
INSERT INTO bug (id, tester_id) VALUES ('663','3');
INSERT INTO bug (id, tester_id) VALUES ('664','5');
INSERT INTO bug (id, tester_id) VALUES ('665','8');
INSERT INTO bug (id, tester_id) VALUES ('666','1');
INSERT INTO bug (id, tester_id) VALUES ('667','3');
INSERT INTO bug (id, tester_id) VALUES ('668','1');
INSERT INTO bug (id, tester_id) VALUES ('669','4');
INSERT INTO bug (id, tester_id) VALUES ('670','3');
INSERT INTO bug (id, tester_id) VALUES ('671','8');
INSERT INTO bug (id, tester_id) VALUES ('672','8');
INSERT INTO bug (id, tester_id) VALUES ('673','6');
INSERT INTO bug (id, tester_id) VALUES ('674','8');
INSERT INTO bug (id, tester_id) VALUES ('675','2');
INSERT INTO bug (id, tester_id) VALUES ('676','6');
INSERT INTO bug (id, tester_id) VALUES ('677','8');
INSERT INTO bug (id, tester_id) VALUES ('678','8');
INSERT INTO bug (id, tester_id) VALUES ('679','1');
INSERT INTO bug (id, tester_id) VALUES ('680','6');
INSERT INTO bug (id, tester_id) VALUES ('681','8');
INSERT INTO bug (id, tester_id) VALUES ('682','9');
INSERT INTO bug (id, tester_id) VALUES ('683','3');
INSERT INTO bug (id, tester_id) VALUES ('684','4');
INSERT INTO bug (id, tester_id) VALUES ('685','6');
INSERT INTO bug (id, tester_id) VALUES ('686','5');
INSERT INTO bug (id, tester_id) VALUES ('687','8');
INSERT INTO bug (id, tester_id) VALUES ('688','9');
INSERT INTO bug (id, tester_id) VALUES ('689','3');
INSERT INTO bug (id, tester_id) VALUES ('690','6');
INSERT INTO bug (id, tester_id) VALUES ('691','5');
INSERT INTO bug (id, tester_id) VALUES ('692','4');
INSERT INTO bug (id, tester_id) VALUES ('693','2');
INSERT INTO bug (id, tester_id) VALUES ('694','4');
INSERT INTO bug (id, tester_id) VALUES ('695','8');
INSERT INTO bug (id, tester_id) VALUES ('696','8');
INSERT INTO bug (id, tester_id) VALUES ('697','5');
INSERT INTO bug (id, tester_id) VALUES ('698','1');
INSERT INTO bug (id, tester_id) VALUES ('699','6');
INSERT INTO bug (id, tester_id) VALUES ('700','2');
INSERT INTO bug (id, tester_id) VALUES ('701','8');
INSERT INTO bug (id, tester_id) VALUES ('702','8');
INSERT INTO bug (id, tester_id) VALUES ('703','5');
INSERT INTO bug (id, tester_id) VALUES ('704','6');
INSERT INTO bug (id, tester_id) VALUES ('705','6');
INSERT INTO bug (id, tester_id) VALUES ('706','7');
INSERT INTO bug (id, tester_id) VALUES ('707','7');
INSERT INTO bug (id, tester_id) VALUES ('708','6');
INSERT INTO bug (id, tester_id) VALUES ('709','1');
INSERT INTO bug (id, tester_id) VALUES ('710','7');
INSERT INTO bug (id, tester_id) VALUES ('711','2');
INSERT INTO bug (id, tester_id) VALUES ('712','2');
INSERT INTO bug (id, tester_id) VALUES ('713','8');
INSERT INTO bug (id, tester_id) VALUES ('714','6');
INSERT INTO bug (id, tester_id) VALUES ('715','5');
INSERT INTO bug (id, tester_id) VALUES ('716','1');
INSERT INTO bug (id, tester_id) VALUES ('717','3');
INSERT INTO bug (id, tester_id) VALUES ('718','2');
INSERT INTO bug (id, tester_id) VALUES ('719','4');
INSERT INTO bug (id, tester_id) VALUES ('720','7');
INSERT INTO bug (id, tester_id) VALUES ('721','8');
INSERT INTO bug (id, tester_id) VALUES ('722','6');
INSERT INTO bug (id, tester_id) VALUES ('723','8');
INSERT INTO bug (id, tester_id) VALUES ('724','5');
INSERT INTO bug (id, tester_id) VALUES ('725','5');
INSERT INTO bug (id, tester_id) VALUES ('726','1');
INSERT INTO bug (id, tester_id) VALUES ('727','7');
INSERT INTO bug (id, tester_id) VALUES ('728','3');
INSERT INTO bug (id, tester_id) VALUES ('729','2');
INSERT INTO bug (id, tester_id) VALUES ('730','3');
INSERT INTO bug (id, tester_id) VALUES ('731','7');
INSERT INTO bug (id, tester_id) VALUES ('732','9');
INSERT INTO bug (id, tester_id) VALUES ('733','1');
INSERT INTO bug (id, tester_id) VALUES ('734','3');
INSERT INTO bug (id, tester_id) VALUES ('735','1');
INSERT INTO bug (id, tester_id) VALUES ('736','3');
INSERT INTO bug (id, tester_id) VALUES ('737','1');
INSERT INTO bug (id, tester_id) VALUES ('738','1');
INSERT INTO bug (id, tester_id) VALUES ('739','5');
INSERT INTO bug (id, tester_id) VALUES ('740','8');
INSERT INTO bug (id, tester_id) VALUES ('741','6');
INSERT INTO bug (id, tester_id) VALUES ('742','4');
INSERT INTO bug (id, tester_id) VALUES ('743','2');
INSERT INTO bug (id, tester_id) VALUES ('744','1');
INSERT INTO bug (id, tester_id) VALUES ('745','5');
INSERT INTO bug (id, tester_id) VALUES ('746','2');
INSERT INTO bug (id, tester_id) VALUES ('747','2');
INSERT INTO bug (id, tester_id) VALUES ('748','7');
INSERT INTO bug (id, tester_id) VALUES ('749','7');
INSERT INTO bug (id, tester_id) VALUES ('750','6');
INSERT INTO bug (id, tester_id) VALUES ('751','9');
INSERT INTO bug (id, tester_id) VALUES ('752','7');
INSERT INTO bug (id, tester_id) VALUES ('753','4');
INSERT INTO bug (id, tester_id) VALUES ('754','5');
INSERT INTO bug (id, tester_id) VALUES ('755','9');
INSERT INTO bug (id, tester_id) VALUES ('756','4');
INSERT INTO bug (id, tester_id) VALUES ('757','9');
INSERT INTO bug (id, tester_id) VALUES ('758','9');
INSERT INTO bug (id, tester_id) VALUES ('759','8');
INSERT INTO bug (id, tester_id) VALUES ('760','6');
INSERT INTO bug (id, tester_id) VALUES ('761','8');
INSERT INTO bug (id, tester_id) VALUES ('762','8');
INSERT INTO bug (id, tester_id) VALUES ('763','7');
INSERT INTO bug (id, tester_id) VALUES ('764','3');
INSERT INTO bug (id, tester_id) VALUES ('765','3');
INSERT INTO bug (id, tester_id) VALUES ('766','6');
INSERT INTO bug (id, tester_id) VALUES ('767','9');
INSERT INTO bug (id, tester_id) VALUES ('768','3');
INSERT INTO bug (id, tester_id) VALUES ('769','2');
INSERT INTO bug (id, tester_id) VALUES ('770','3');
INSERT INTO bug (id, tester_id) VALUES ('771','8');
INSERT INTO bug (id, tester_id) VALUES ('772','6');
INSERT INTO bug (id, tester_id) VALUES ('773','6');
INSERT INTO bug (id, tester_id) VALUES ('774','3');
INSERT INTO bug (id, tester_id) VALUES ('775','3');
INSERT INTO bug (id, tester_id) VALUES ('776','4');
INSERT INTO bug (id, tester_id) VALUES ('777','5');
INSERT INTO bug (id, tester_id) VALUES ('778','2');
INSERT INTO bug (id, tester_id) VALUES ('779','3');
INSERT INTO bug (id, tester_id) VALUES ('780','7');
INSERT INTO bug (id, tester_id) VALUES ('781','3');
INSERT INTO bug (id, tester_id) VALUES ('782','4');
INSERT INTO bug (id, tester_id) VALUES ('783','4');
INSERT INTO bug (id, tester_id) VALUES ('784','9');
INSERT INTO bug (id, tester_id) VALUES ('785','1');
INSERT INTO bug (id, tester_id) VALUES ('786','8');
INSERT INTO bug (id, tester_id) VALUES ('787','7');
INSERT INTO bug (id, tester_id) VALUES ('788','5');
INSERT INTO bug (id, tester_id) VALUES ('789','7');
INSERT INTO bug (id, tester_id) VALUES ('790','8');
INSERT INTO bug (id, tester_id) VALUES ('791','8');
INSERT INTO bug (id, tester_id) VALUES ('792','7');
INSERT INTO bug (id, tester_id) VALUES ('793','7');
INSERT INTO bug (id, tester_id) VALUES ('794','8');
INSERT INTO bug (id, tester_id) VALUES ('795','1');
INSERT INTO bug (id, tester_id) VALUES ('796','1');
INSERT INTO bug (id, tester_id) VALUES ('797','9');
INSERT INTO bug (id, tester_id) VALUES ('798','5');
INSERT INTO bug (id, tester_id) VALUES ('799','4');
INSERT INTO bug (id, tester_id) VALUES ('800','2');
INSERT INTO bug (id, tester_id) VALUES ('801','6');
INSERT INTO bug (id, tester_id) VALUES ('802','9');
INSERT INTO bug (id, tester_id) VALUES ('803','4');
INSERT INTO bug (id, tester_id) VALUES ('804','5');
INSERT INTO bug (id, tester_id) VALUES ('805','7');
INSERT INTO bug (id, tester_id) VALUES ('806','2');
INSERT INTO bug (id, tester_id) VALUES ('807','1');
INSERT INTO bug (id, tester_id) VALUES ('808','7');
INSERT INTO bug (id, tester_id) VALUES ('809','4');
INSERT INTO bug (id, tester_id) VALUES ('810','1');
INSERT INTO bug (id, tester_id) VALUES ('811','1');
INSERT INTO bug (id, tester_id) VALUES ('812','1');
INSERT INTO bug (id, tester_id) VALUES ('813','6');
INSERT INTO bug (id, tester_id) VALUES ('814','1');
INSERT INTO bug (id, tester_id) VALUES ('815','3');
INSERT INTO bug (id, tester_id) VALUES ('816','6');
INSERT INTO bug (id, tester_id) VALUES ('817','2');
INSERT INTO bug (id, tester_id) VALUES ('818','1');
INSERT INTO bug (id, tester_id) VALUES ('819','3');
INSERT INTO bug (id, tester_id) VALUES ('820','8');
INSERT INTO bug (id, tester_id) VALUES ('821','9');
INSERT INTO bug (id, tester_id) VALUES ('822','6');
INSERT INTO bug (id, tester_id) VALUES ('823','3');
INSERT INTO bug (id, tester_id) VALUES ('824','1');
INSERT INTO bug (id, tester_id) VALUES ('825','5');
INSERT INTO bug (id, tester_id) VALUES ('826','4');
INSERT INTO bug (id, tester_id) VALUES ('827','8');
INSERT INTO bug (id, tester_id) VALUES ('828','6');
INSERT INTO bug (id, tester_id) VALUES ('829','7');
INSERT INTO bug (id, tester_id) VALUES ('830','9');
INSERT INTO bug (id, tester_id) VALUES ('831','9');
INSERT INTO bug (id, tester_id) VALUES ('832','6');
INSERT INTO bug (id, tester_id) VALUES ('833','7');
INSERT INTO bug (id, tester_id) VALUES ('834','3');
INSERT INTO bug (id, tester_id) VALUES ('835','8');
INSERT INTO bug (id, tester_id) VALUES ('836','5');
INSERT INTO bug (id, tester_id) VALUES ('837','1');
INSERT INTO bug (id, tester_id) VALUES ('838','9');
INSERT INTO bug (id, tester_id) VALUES ('839','3');
INSERT INTO bug (id, tester_id) VALUES ('840','3');
INSERT INTO bug (id, tester_id) VALUES ('841','4');
INSERT INTO bug (id, tester_id) VALUES ('842','3');
INSERT INTO bug (id, tester_id) VALUES ('843','7');
INSERT INTO bug (id, tester_id) VALUES ('844','9');
INSERT INTO bug (id, tester_id) VALUES ('845','7');
INSERT INTO bug (id, tester_id) VALUES ('846','2');
INSERT INTO bug (id, tester_id) VALUES ('847','2');
INSERT INTO bug (id, tester_id) VALUES ('848','2');
INSERT INTO bug (id, tester_id) VALUES ('849','3');
INSERT INTO bug (id, tester_id) VALUES ('850','7');
INSERT INTO bug (id, tester_id) VALUES ('851','5');
INSERT INTO bug (id, tester_id) VALUES ('852','4');
INSERT INTO bug (id, tester_id) VALUES ('853','7');
INSERT INTO bug (id, tester_id) VALUES ('854','7');
INSERT INTO bug (id, tester_id) VALUES ('855','8');
INSERT INTO bug (id, tester_id) VALUES ('856','5');
INSERT INTO bug (id, tester_id) VALUES ('857','1');
INSERT INTO bug (id, tester_id) VALUES ('858','3');
INSERT INTO bug (id, tester_id) VALUES ('859','4');
INSERT INTO bug (id, tester_id) VALUES ('860','6');
INSERT INTO bug (id, tester_id) VALUES ('861','2');
INSERT INTO bug (id, tester_id) VALUES ('862','4');
INSERT INTO bug (id, tester_id) VALUES ('863','7');
INSERT INTO bug (id, tester_id) VALUES ('864','9');
INSERT INTO bug (id, tester_id) VALUES ('865','3');
INSERT INTO bug (id, tester_id) VALUES ('866','7');
INSERT INTO bug (id, tester_id) VALUES ('867','4');
INSERT INTO bug (id, tester_id) VALUES ('868','4');
INSERT INTO bug (id, tester_id) VALUES ('869','5');
INSERT INTO bug (id, tester_id) VALUES ('870','7');
INSERT INTO bug (id, tester_id) VALUES ('871','8');
INSERT INTO bug (id, tester_id) VALUES ('872','8');
INSERT INTO bug (id, tester_id) VALUES ('873','2');
INSERT INTO bug (id, tester_id) VALUES ('874','3');
INSERT INTO bug (id, tester_id) VALUES ('875','1');
INSERT INTO bug (id, tester_id) VALUES ('876','8');
INSERT INTO bug (id, tester_id) VALUES ('877','2');
INSERT INTO bug (id, tester_id) VALUES ('878','6');
INSERT INTO bug (id, tester_id) VALUES ('879','7');
INSERT INTO bug (id, tester_id) VALUES ('880','4');
INSERT INTO bug (id, tester_id) VALUES ('881','5');
INSERT INTO bug (id, tester_id) VALUES ('882','6');
INSERT INTO bug (id, tester_id) VALUES ('883','9');
INSERT INTO bug (id, tester_id) VALUES ('884','2');
INSERT INTO bug (id, tester_id) VALUES ('885','6');
INSERT INTO bug (id, tester_id) VALUES ('886','1');
INSERT INTO bug (id, tester_id) VALUES ('887','8');
INSERT INTO bug (id, tester_id) VALUES ('888','7');
INSERT INTO bug (id, tester_id) VALUES ('889','1');
INSERT INTO bug (id, tester_id) VALUES ('890','4');
INSERT INTO bug (id, tester_id) VALUES ('891','8');
INSERT INTO bug (id, tester_id) VALUES ('892','4');
INSERT INTO bug (id, tester_id) VALUES ('893','6');
INSERT INTO bug (id, tester_id) VALUES ('894','7');
INSERT INTO bug (id, tester_id) VALUES ('895','4');
INSERT INTO bug (id, tester_id) VALUES ('896','7');
INSERT INTO bug (id, tester_id) VALUES ('897','5');
INSERT INTO bug (id, tester_id) VALUES ('898','4');
INSERT INTO bug (id, tester_id) VALUES ('899','8');
INSERT INTO bug (id, tester_id) VALUES ('900','9');
INSERT INTO bug (id, tester_id) VALUES ('901','5');
INSERT INTO bug (id, tester_id) VALUES ('902','7');
INSERT INTO bug (id, tester_id) VALUES ('903','4');
INSERT INTO bug (id, tester_id) VALUES ('904','8');
INSERT INTO bug (id, tester_id) VALUES ('905','9');
INSERT INTO bug (id, tester_id) VALUES ('906','8');
INSERT INTO bug (id, tester_id) VALUES ('907','3');
INSERT INTO bug (id, tester_id) VALUES ('908','1');
INSERT INTO bug (id, tester_id) VALUES ('909','2');
INSERT INTO bug (id, tester_id) VALUES ('910','4');
INSERT INTO bug (id, tester_id) VALUES ('911','7');
INSERT INTO bug (id, tester_id) VALUES ('912','4');
INSERT INTO bug (id, tester_id) VALUES ('913','7');
INSERT INTO bug (id, tester_id) VALUES ('914','6');
INSERT INTO bug (id, tester_id) VALUES ('915','1');
INSERT INTO bug (id, tester_id) VALUES ('916','8');
INSERT INTO bug (id, tester_id) VALUES ('917','6');
INSERT INTO bug (id, tester_id) VALUES ('918','4');
INSERT INTO bug (id, tester_id) VALUES ('919','9');
INSERT INTO bug (id, tester_id) VALUES ('920','5');
INSERT INTO bug (id, tester_id) VALUES ('921','6');
INSERT INTO bug (id, tester_id) VALUES ('922','9');
INSERT INTO bug (id, tester_id) VALUES ('923','5');
INSERT INTO bug (id, tester_id) VALUES ('924','2');
INSERT INTO bug (id, tester_id) VALUES ('925','5');
INSERT INTO bug (id, tester_id) VALUES ('926','3');
INSERT INTO bug (id, tester_id) VALUES ('927','5');
INSERT INTO bug (id, tester_id) VALUES ('928','4');
INSERT INTO bug (id, tester_id) VALUES ('929','8');
INSERT INTO bug (id, tester_id) VALUES ('930','5');
INSERT INTO bug (id, tester_id) VALUES ('931','8');
INSERT INTO bug (id, tester_id) VALUES ('932','7');
INSERT INTO bug (id, tester_id) VALUES ('933','2');
INSERT INTO bug (id, tester_id) VALUES ('934','1');
INSERT INTO bug (id, tester_id) VALUES ('935','8');
INSERT INTO bug (id, tester_id) VALUES ('936','3');
INSERT INTO bug (id, tester_id) VALUES ('937','5');
INSERT INTO bug (id, tester_id) VALUES ('938','8');
INSERT INTO bug (id, tester_id) VALUES ('939','6');
INSERT INTO bug (id, tester_id) VALUES ('940','2');
INSERT INTO bug (id, tester_id) VALUES ('941','1');
INSERT INTO bug (id, tester_id) VALUES ('942','1');
INSERT INTO bug (id, tester_id) VALUES ('943','5');
INSERT INTO bug (id, tester_id) VALUES ('944','2');
INSERT INTO bug (id, tester_id) VALUES ('945','9');
INSERT INTO bug (id, tester_id) VALUES ('946','1');
INSERT INTO bug (id, tester_id) VALUES ('947','2');
INSERT INTO bug (id, tester_id) VALUES ('948','2');
INSERT INTO bug (id, tester_id) VALUES ('949','4');
INSERT INTO bug (id, tester_id) VALUES ('950','9');
INSERT INTO bug (id, tester_id) VALUES ('951','4');
INSERT INTO bug (id, tester_id) VALUES ('952','6');
INSERT INTO bug (id, tester_id) VALUES ('953','1');
INSERT INTO bug (id, tester_id) VALUES ('954','7');
INSERT INTO bug (id, tester_id) VALUES ('955','9');
INSERT INTO bug (id, tester_id) VALUES ('956','9');
INSERT INTO bug (id, tester_id) VALUES ('957','7');
INSERT INTO bug (id, tester_id) VALUES ('958','9');
INSERT INTO bug (id, tester_id) VALUES ('959','8');
INSERT INTO bug (id, tester_id) VALUES ('960','8');
INSERT INTO bug (id, tester_id) VALUES ('961','2');
INSERT INTO bug (id, tester_id) VALUES ('962','1');
INSERT INTO bug (id, tester_id) VALUES ('963','2');
INSERT INTO bug (id, tester_id) VALUES ('964','3');
INSERT INTO bug (id, tester_id) VALUES ('965','7');
INSERT INTO bug (id, tester_id) VALUES ('966','8');
INSERT INTO bug (id, tester_id) VALUES ('967','4');
INSERT INTO bug (id, tester_id) VALUES ('968','7');
INSERT INTO bug (id, tester_id) VALUES ('969','4');
INSERT INTO bug (id, tester_id) VALUES ('970','5');
INSERT INTO bug (id, tester_id) VALUES ('971','5');
INSERT INTO bug (id, tester_id) VALUES ('972','2');
INSERT INTO bug (id, tester_id) VALUES ('973','4');
INSERT INTO bug (id, tester_id) VALUES ('974','5');
INSERT INTO bug (id, tester_id) VALUES ('975','2');
INSERT INTO bug (id, tester_id) VALUES ('976','8');
INSERT INTO bug (id, tester_id) VALUES ('977','8');
INSERT INTO bug (id, tester_id) VALUES ('978','5');
INSERT INTO bug (id, tester_id) VALUES ('979','5');
INSERT INTO bug (id, tester_id) VALUES ('980','1');
INSERT INTO bug (id, tester_id) VALUES ('981','6');
INSERT INTO bug (id, tester_id) VALUES ('982','9');
INSERT INTO bug (id, tester_id) VALUES ('983','5');
INSERT INTO bug (id, tester_id) VALUES ('984','7');
INSERT INTO bug (id, tester_id) VALUES ('985','5');
INSERT INTO bug (id, tester_id) VALUES ('986','9');
INSERT INTO bug (id, tester_id) VALUES ('987','6');
INSERT INTO bug (id, tester_id) VALUES ('988','1');
INSERT INTO bug (id, tester_id) VALUES ('989','8');
INSERT INTO bug (id, tester_id) VALUES ('990','4');
INSERT INTO bug (id, tester_id) VALUES ('991','2');
INSERT INTO bug (id, tester_id) VALUES ('992','1');
INSERT INTO bug (id, tester_id) VALUES ('993','2');
INSERT INTO bug (id, tester_id) VALUES ('994','4');
INSERT INTO bug (id, tester_id) VALUES ('995','7');
INSERT INTO bug (id, tester_id) VALUES ('996','1');
INSERT INTO bug (id, tester_id) VALUES ('997','3');
INSERT INTO bug (id, tester_id) VALUES ('998','2');
INSERT INTO bug (id, tester_id) VALUES ('999','7');
INSERT INTO bug (id, tester_id) VALUES ('1000','8');

CREATE TABLE device (
  id BIGINT AUTO_INCREMENT PRIMARY KEY,
  description VARCHAR(255)
);

INSERT INTO device (id, description) VALUES ('1','iPhone 4');
INSERT INTO device (id, description) VALUES ('2','iPhone 4S');
INSERT INTO device (id, description) VALUES ('3','iPhone 5');
INSERT INTO device (id, description) VALUES ('4','Galaxy S3');
INSERT INTO device (id, description) VALUES ('5','Galaxy S4');
INSERT INTO device (id, description) VALUES ('6','Nexus 4');
INSERT INTO device (id, description) VALUES ('7','Droid Razor');
INSERT INTO device (id, description) VALUES ('8','Droid DNA');
INSERT INTO device (id, description) VALUES ('9','HTC One');
INSERT INTO device (id, description) VALUES ('10','iPhone 3');

CREATE TABLE bug_device (
  bug_id BIGINT,
  device_id BIGINT
);

INSERT INTO bug_device (bug_id, device_id) VALUES ('1','1');
INSERT INTO bug_device (bug_id, device_id) VALUES ('2','8');
INSERT INTO bug_device (bug_id, device_id) VALUES ('3','4');
INSERT INTO bug_device (bug_id, device_id) VALUES ('4','2');
INSERT INTO bug_device (bug_id, device_id) VALUES ('5','6');
INSERT INTO bug_device (bug_id, device_id) VALUES ('6','8');
INSERT INTO bug_device (bug_id, device_id) VALUES ('7','9');
INSERT INTO bug_device (bug_id, device_id) VALUES ('8','7');
INSERT INTO bug_device (bug_id, device_id) VALUES ('9','5');
INSERT INTO bug_device (bug_id, device_id) VALUES ('10','1');
INSERT INTO bug_device (bug_id, device_id) VALUES ('11','2');
INSERT INTO bug_device (bug_id, device_id) VALUES ('12','9');
INSERT INTO bug_device (bug_id, device_id) VALUES ('13','8');
INSERT INTO bug_device (bug_id, device_id) VALUES ('14','3');
INSERT INTO bug_device (bug_id, device_id) VALUES ('15','5');
INSERT INTO bug_device (bug_id, device_id) VALUES ('16','1');
INSERT INTO bug_device (bug_id, device_id) VALUES ('17','1');
INSERT INTO bug_device (bug_id, device_id) VALUES ('18','3');
INSERT INTO bug_device (bug_id, device_id) VALUES ('19','6');
INSERT INTO bug_device (bug_id, device_id) VALUES ('20','4');
INSERT INTO bug_device (bug_id, device_id) VALUES ('21','3');
INSERT INTO bug_device (bug_id, device_id) VALUES ('22','10');
INSERT INTO bug_device (bug_id, device_id) VALUES ('23','3');
INSERT INTO bug_device (bug_id, device_id) VALUES ('24','3');
INSERT INTO bug_device (bug_id, device_id) VALUES ('25','5');
INSERT INTO bug_device (bug_id, device_id) VALUES ('26','5');
INSERT INTO bug_device (bug_id, device_id) VALUES ('27','3');
INSERT INTO bug_device (bug_id, device_id) VALUES ('28','6');
INSERT INTO bug_device (bug_id, device_id) VALUES ('29','6');
INSERT INTO bug_device (bug_id, device_id) VALUES ('30','4');
INSERT INTO bug_device (bug_id, device_id) VALUES ('31','1');
INSERT INTO bug_device (bug_id, device_id) VALUES ('32','6');
INSERT INTO bug_device (bug_id, device_id) VALUES ('33','1');
INSERT INTO bug_device (bug_id, device_id) VALUES ('34','5');
INSERT INTO bug_device (bug_id, device_id) VALUES ('35','3');
INSERT INTO bug_device (bug_id, device_id) VALUES ('36','3');
INSERT INTO bug_device (bug_id, device_id) VALUES ('37','7');
INSERT INTO bug_device (bug_id, device_id) VALUES ('38','10');
INSERT INTO bug_device (bug_id, device_id) VALUES ('39','2');
INSERT INTO bug_device (bug_id, device_id) VALUES ('40','3');
INSERT INTO bug_device (bug_id, device_id) VALUES ('41','9');
INSERT INTO bug_device (bug_id, device_id) VALUES ('42','9');
INSERT INTO bug_device (bug_id, device_id) VALUES ('43','10');
INSERT INTO bug_device (bug_id, device_id) VALUES ('44','1');
INSERT INTO bug_device (bug_id, device_id) VALUES ('45','8');
INSERT INTO bug_device (bug_id, device_id) VALUES ('46','4');
INSERT INTO bug_device (bug_id, device_id) VALUES ('47','3');
INSERT INTO bug_device (bug_id, device_id) VALUES ('48','2');
INSERT INTO bug_device (bug_id, device_id) VALUES ('49','8');
INSERT INTO bug_device (bug_id, device_id) VALUES ('50','3');
INSERT INTO bug_device (bug_id, device_id) VALUES ('51','7');
INSERT INTO bug_device (bug_id, device_id) VALUES ('52','2');
INSERT INTO bug_device (bug_id, device_id) VALUES ('53','8');
INSERT INTO bug_device (bug_id, device_id) VALUES ('54','4');
INSERT INTO bug_device (bug_id, device_id) VALUES ('55','10');
INSERT INTO bug_device (bug_id, device_id) VALUES ('56','2');
INSERT INTO bug_device (bug_id, device_id) VALUES ('57','3');
INSERT INTO bug_device (bug_id, device_id) VALUES ('58','1');
INSERT INTO bug_device (bug_id, device_id) VALUES ('59','2');
INSERT INTO bug_device (bug_id, device_id) VALUES ('60','8');
INSERT INTO bug_device (bug_id, device_id) VALUES ('61','5');
INSERT INTO bug_device (bug_id, device_id) VALUES ('62','10');
INSERT INTO bug_device (bug_id, device_id) VALUES ('63','2');
INSERT INTO bug_device (bug_id, device_id) VALUES ('64','7');
INSERT INTO bug_device (bug_id, device_id) VALUES ('65','2');
INSERT INTO bug_device (bug_id, device_id) VALUES ('66','9');
INSERT INTO bug_device (bug_id, device_id) VALUES ('67','4');
INSERT INTO bug_device (bug_id, device_id) VALUES ('68','3');
INSERT INTO bug_device (bug_id, device_id) VALUES ('69','6');
INSERT INTO bug_device (bug_id, device_id) VALUES ('70','9');
INSERT INTO bug_device (bug_id, device_id) VALUES ('71','3');
INSERT INTO bug_device (bug_id, device_id) VALUES ('72','4');
INSERT INTO bug_device (bug_id, device_id) VALUES ('73','2');
INSERT INTO bug_device (bug_id, device_id) VALUES ('74','4');
INSERT INTO bug_device (bug_id, device_id) VALUES ('75','5');
INSERT INTO bug_device (bug_id, device_id) VALUES ('76','6');
INSERT INTO bug_device (bug_id, device_id) VALUES ('77','7');
INSERT INTO bug_device (bug_id, device_id) VALUES ('78','5');
INSERT INTO bug_device (bug_id, device_id) VALUES ('79','8');
INSERT INTO bug_device (bug_id, device_id) VALUES ('80','5');
INSERT INTO bug_device (bug_id, device_id) VALUES ('81','4');
INSERT INTO bug_device (bug_id, device_id) VALUES ('82','2');
INSERT INTO bug_device (bug_id, device_id) VALUES ('83','2');
INSERT INTO bug_device (bug_id, device_id) VALUES ('84','5');
INSERT INTO bug_device (bug_id, device_id) VALUES ('85','1');
INSERT INTO bug_device (bug_id, device_id) VALUES ('86','3');
INSERT INTO bug_device (bug_id, device_id) VALUES ('87','5');
INSERT INTO bug_device (bug_id, device_id) VALUES ('88','7');
INSERT INTO bug_device (bug_id, device_id) VALUES ('89','6');
INSERT INTO bug_device (bug_id, device_id) VALUES ('90','6');
INSERT INTO bug_device (bug_id, device_id) VALUES ('91','3');
INSERT INTO bug_device (bug_id, device_id) VALUES ('92','2');
INSERT INTO bug_device (bug_id, device_id) VALUES ('93','1');
INSERT INTO bug_device (bug_id, device_id) VALUES ('94','5');
INSERT INTO bug_device (bug_id, device_id) VALUES ('95','7');
INSERT INTO bug_device (bug_id, device_id) VALUES ('96','8');
INSERT INTO bug_device (bug_id, device_id) VALUES ('97','10');
INSERT INTO bug_device (bug_id, device_id) VALUES ('98','5');
INSERT INTO bug_device (bug_id, device_id) VALUES ('99','4');
INSERT INTO bug_device (bug_id, device_id) VALUES ('100','3');
INSERT INTO bug_device (bug_id, device_id) VALUES ('101','5');
INSERT INTO bug_device (bug_id, device_id) VALUES ('102','2');
INSERT INTO bug_device (bug_id, device_id) VALUES ('103','3');
INSERT INTO bug_device (bug_id, device_id) VALUES ('104','1');
INSERT INTO bug_device (bug_id, device_id) VALUES ('105','9');
INSERT INTO bug_device (bug_id, device_id) VALUES ('106','9');
INSERT INTO bug_device (bug_id, device_id) VALUES ('107','6');
INSERT INTO bug_device (bug_id, device_id) VALUES ('108','9');
INSERT INTO bug_device (bug_id, device_id) VALUES ('109','6');
INSERT INTO bug_device (bug_id, device_id) VALUES ('110','4');
INSERT INTO bug_device (bug_id, device_id) VALUES ('111','1');
INSERT INTO bug_device (bug_id, device_id) VALUES ('112','6');
INSERT INTO bug_device (bug_id, device_id) VALUES ('113','4');
INSERT INTO bug_device (bug_id, device_id) VALUES ('114','3');
INSERT INTO bug_device (bug_id, device_id) VALUES ('115','5');
INSERT INTO bug_device (bug_id, device_id) VALUES ('116','4');
INSERT INTO bug_device (bug_id, device_id) VALUES ('117','8');
INSERT INTO bug_device (bug_id, device_id) VALUES ('118','6');
INSERT INTO bug_device (bug_id, device_id) VALUES ('119','5');
INSERT INTO bug_device (bug_id, device_id) VALUES ('120','10');
INSERT INTO bug_device (bug_id, device_id) VALUES ('121','4');
INSERT INTO bug_device (bug_id, device_id) VALUES ('122','7');
INSERT INTO bug_device (bug_id, device_id) VALUES ('123','6');
INSERT INTO bug_device (bug_id, device_id) VALUES ('124','6');
INSERT INTO bug_device (bug_id, device_id) VALUES ('125','4');
INSERT INTO bug_device (bug_id, device_id) VALUES ('126','9');
INSERT INTO bug_device (bug_id, device_id) VALUES ('127','3');
INSERT INTO bug_device (bug_id, device_id) VALUES ('128','1');
INSERT INTO bug_device (bug_id, device_id) VALUES ('129','5');
INSERT INTO bug_device (bug_id, device_id) VALUES ('130','1');
INSERT INTO bug_device (bug_id, device_id) VALUES ('131','6');
INSERT INTO bug_device (bug_id, device_id) VALUES ('132','3');
INSERT INTO bug_device (bug_id, device_id) VALUES ('133','3');
INSERT INTO bug_device (bug_id, device_id) VALUES ('134','6');
INSERT INTO bug_device (bug_id, device_id) VALUES ('135','3');
INSERT INTO bug_device (bug_id, device_id) VALUES ('136','7');
INSERT INTO bug_device (bug_id, device_id) VALUES ('137','7');
INSERT INTO bug_device (bug_id, device_id) VALUES ('138','3');
INSERT INTO bug_device (bug_id, device_id) VALUES ('139','3');
INSERT INTO bug_device (bug_id, device_id) VALUES ('140','7');
INSERT INTO bug_device (bug_id, device_id) VALUES ('141','10');
INSERT INTO bug_device (bug_id, device_id) VALUES ('142','5');
INSERT INTO bug_device (bug_id, device_id) VALUES ('143','6');
INSERT INTO bug_device (bug_id, device_id) VALUES ('144','1');
INSERT INTO bug_device (bug_id, device_id) VALUES ('145','3');
INSERT INTO bug_device (bug_id, device_id) VALUES ('146','2');
INSERT INTO bug_device (bug_id, device_id) VALUES ('147','3');
INSERT INTO bug_device (bug_id, device_id) VALUES ('148','5');
INSERT INTO bug_device (bug_id, device_id) VALUES ('149','2');
INSERT INTO bug_device (bug_id, device_id) VALUES ('150','3');
INSERT INTO bug_device (bug_id, device_id) VALUES ('151','10');
INSERT INTO bug_device (bug_id, device_id) VALUES ('152','3');
INSERT INTO bug_device (bug_id, device_id) VALUES ('153','6');
INSERT INTO bug_device (bug_id, device_id) VALUES ('154','1');
INSERT INTO bug_device (bug_id, device_id) VALUES ('155','3');
INSERT INTO bug_device (bug_id, device_id) VALUES ('156','3');
INSERT INTO bug_device (bug_id, device_id) VALUES ('157','9');
INSERT INTO bug_device (bug_id, device_id) VALUES ('158','3');
INSERT INTO bug_device (bug_id, device_id) VALUES ('159','10');
INSERT INTO bug_device (bug_id, device_id) VALUES ('160','5');
INSERT INTO bug_device (bug_id, device_id) VALUES ('161','5');
INSERT INTO bug_device (bug_id, device_id) VALUES ('162','2');
INSERT INTO bug_device (bug_id, device_id) VALUES ('163','9');
INSERT INTO bug_device (bug_id, device_id) VALUES ('164','1');
INSERT INTO bug_device (bug_id, device_id) VALUES ('165','9');
INSERT INTO bug_device (bug_id, device_id) VALUES ('166','3');
INSERT INTO bug_device (bug_id, device_id) VALUES ('167','9');
INSERT INTO bug_device (bug_id, device_id) VALUES ('168','3');
INSERT INTO bug_device (bug_id, device_id) VALUES ('169','2');
INSERT INTO bug_device (bug_id, device_id) VALUES ('170','10');
INSERT INTO bug_device (bug_id, device_id) VALUES ('171','1');
INSERT INTO bug_device (bug_id, device_id) VALUES ('172','5');
INSERT INTO bug_device (bug_id, device_id) VALUES ('173','8');
INSERT INTO bug_device (bug_id, device_id) VALUES ('174','8');
INSERT INTO bug_device (bug_id, device_id) VALUES ('175','10');
INSERT INTO bug_device (bug_id, device_id) VALUES ('176','9');
INSERT INTO bug_device (bug_id, device_id) VALUES ('177','1');
INSERT INTO bug_device (bug_id, device_id) VALUES ('178','3');
INSERT INTO bug_device (bug_id, device_id) VALUES ('179','7');
INSERT INTO bug_device (bug_id, device_id) VALUES ('180','7');
INSERT INTO bug_device (bug_id, device_id) VALUES ('181','6');
INSERT INTO bug_device (bug_id, device_id) VALUES ('182','2');
INSERT INTO bug_device (bug_id, device_id) VALUES ('183','1');
INSERT INTO bug_device (bug_id, device_id) VALUES ('184','1');
INSERT INTO bug_device (bug_id, device_id) VALUES ('185','1');
INSERT INTO bug_device (bug_id, device_id) VALUES ('186','2');
INSERT INTO bug_device (bug_id, device_id) VALUES ('187','7');
INSERT INTO bug_device (bug_id, device_id) VALUES ('188','8');
INSERT INTO bug_device (bug_id, device_id) VALUES ('189','4');
INSERT INTO bug_device (bug_id, device_id) VALUES ('190','2');
INSERT INTO bug_device (bug_id, device_id) VALUES ('191','3');
INSERT INTO bug_device (bug_id, device_id) VALUES ('192','6');
INSERT INTO bug_device (bug_id, device_id) VALUES ('193','8');
INSERT INTO bug_device (bug_id, device_id) VALUES ('194','1');
INSERT INTO bug_device (bug_id, device_id) VALUES ('195','9');
INSERT INTO bug_device (bug_id, device_id) VALUES ('196','8');
INSERT INTO bug_device (bug_id, device_id) VALUES ('197','4');
INSERT INTO bug_device (bug_id, device_id) VALUES ('198','7');
INSERT INTO bug_device (bug_id, device_id) VALUES ('199','3');
INSERT INTO bug_device (bug_id, device_id) VALUES ('200','4');
INSERT INTO bug_device (bug_id, device_id) VALUES ('201','2');
INSERT INTO bug_device (bug_id, device_id) VALUES ('202','9');
INSERT INTO bug_device (bug_id, device_id) VALUES ('203','3');
INSERT INTO bug_device (bug_id, device_id) VALUES ('204','8');
INSERT INTO bug_device (bug_id, device_id) VALUES ('205','1');
INSERT INTO bug_device (bug_id, device_id) VALUES ('206','7');
INSERT INTO bug_device (bug_id, device_id) VALUES ('207','3');
INSERT INTO bug_device (bug_id, device_id) VALUES ('208','1');
INSERT INTO bug_device (bug_id, device_id) VALUES ('209','7');
INSERT INTO bug_device (bug_id, device_id) VALUES ('210','1');
INSERT INTO bug_device (bug_id, device_id) VALUES ('211','10');
INSERT INTO bug_device (bug_id, device_id) VALUES ('212','7');
INSERT INTO bug_device (bug_id, device_id) VALUES ('213','7');
INSERT INTO bug_device (bug_id, device_id) VALUES ('214','5');
INSERT INTO bug_device (bug_id, device_id) VALUES ('215','9');
INSERT INTO bug_device (bug_id, device_id) VALUES ('216','3');
INSERT INTO bug_device (bug_id, device_id) VALUES ('217','1');
INSERT INTO bug_device (bug_id, device_id) VALUES ('218','5');
INSERT INTO bug_device (bug_id, device_id) VALUES ('219','2');
INSERT INTO bug_device (bug_id, device_id) VALUES ('220','2');
INSERT INTO bug_device (bug_id, device_id) VALUES ('221','5');
INSERT INTO bug_device (bug_id, device_id) VALUES ('222','1');
INSERT INTO bug_device (bug_id, device_id) VALUES ('223','3');
INSERT INTO bug_device (bug_id, device_id) VALUES ('224','10');
INSERT INTO bug_device (bug_id, device_id) VALUES ('225','6');
INSERT INTO bug_device (bug_id, device_id) VALUES ('226','3');
INSERT INTO bug_device (bug_id, device_id) VALUES ('227','8');
INSERT INTO bug_device (bug_id, device_id) VALUES ('228','3');
INSERT INTO bug_device (bug_id, device_id) VALUES ('229','8');
INSERT INTO bug_device (bug_id, device_id) VALUES ('230','3');
INSERT INTO bug_device (bug_id, device_id) VALUES ('231','1');
INSERT INTO bug_device (bug_id, device_id) VALUES ('232','9');
INSERT INTO bug_device (bug_id, device_id) VALUES ('233','2');
INSERT INTO bug_device (bug_id, device_id) VALUES ('234','3');
INSERT INTO bug_device (bug_id, device_id) VALUES ('235','10');
INSERT INTO bug_device (bug_id, device_id) VALUES ('236','3');
INSERT INTO bug_device (bug_id, device_id) VALUES ('237','5');
INSERT INTO bug_device (bug_id, device_id) VALUES ('238','10');
INSERT INTO bug_device (bug_id, device_id) VALUES ('239','10');
INSERT INTO bug_device (bug_id, device_id) VALUES ('240','8');
INSERT INTO bug_device (bug_id, device_id) VALUES ('241','1');
INSERT INTO bug_device (bug_id, device_id) VALUES ('242','6');
INSERT INTO bug_device (bug_id, device_id) VALUES ('243','3');
INSERT INTO bug_device (bug_id, device_id) VALUES ('244','5');
INSERT INTO bug_device (bug_id, device_id) VALUES ('245','2');
INSERT INTO bug_device (bug_id, device_id) VALUES ('246','1');
INSERT INTO bug_device (bug_id, device_id) VALUES ('247','6');
INSERT INTO bug_device (bug_id, device_id) VALUES ('248','1');
INSERT INTO bug_device (bug_id, device_id) VALUES ('249','5');
INSERT INTO bug_device (bug_id, device_id) VALUES ('250','3');
INSERT INTO bug_device (bug_id, device_id) VALUES ('251','1');
INSERT INTO bug_device (bug_id, device_id) VALUES ('252','10');
INSERT INTO bug_device (bug_id, device_id) VALUES ('253','1');
INSERT INTO bug_device (bug_id, device_id) VALUES ('254','7');
INSERT INTO bug_device (bug_id, device_id) VALUES ('255','6');
INSERT INTO bug_device (bug_id, device_id) VALUES ('256','7');
INSERT INTO bug_device (bug_id, device_id) VALUES ('257','6');
INSERT INTO bug_device (bug_id, device_id) VALUES ('258','7');
INSERT INTO bug_device (bug_id, device_id) VALUES ('259','6');
INSERT INTO bug_device (bug_id, device_id) VALUES ('260','6');
INSERT INTO bug_device (bug_id, device_id) VALUES ('261','10');
INSERT INTO bug_device (bug_id, device_id) VALUES ('262','5');
INSERT INTO bug_device (bug_id, device_id) VALUES ('263','6');
INSERT INTO bug_device (bug_id, device_id) VALUES ('264','2');
INSERT INTO bug_device (bug_id, device_id) VALUES ('265','5');
INSERT INTO bug_device (bug_id, device_id) VALUES ('266','9');
INSERT INTO bug_device (bug_id, device_id) VALUES ('267','1');
INSERT INTO bug_device (bug_id, device_id) VALUES ('268','5');
INSERT INTO bug_device (bug_id, device_id) VALUES ('269','5');
INSERT INTO bug_device (bug_id, device_id) VALUES ('270','8');
INSERT INTO bug_device (bug_id, device_id) VALUES ('271','1');
INSERT INTO bug_device (bug_id, device_id) VALUES ('272','8');
INSERT INTO bug_device (bug_id, device_id) VALUES ('273','3');
INSERT INTO bug_device (bug_id, device_id) VALUES ('274','2');
INSERT INTO bug_device (bug_id, device_id) VALUES ('275','3');
INSERT INTO bug_device (bug_id, device_id) VALUES ('276','6');
INSERT INTO bug_device (bug_id, device_id) VALUES ('277','8');
INSERT INTO bug_device (bug_id, device_id) VALUES ('278','7');
INSERT INTO bug_device (bug_id, device_id) VALUES ('279','10');
INSERT INTO bug_device (bug_id, device_id) VALUES ('280','6');
INSERT INTO bug_device (bug_id, device_id) VALUES ('281','3');
INSERT INTO bug_device (bug_id, device_id) VALUES ('282','1');
INSERT INTO bug_device (bug_id, device_id) VALUES ('283','9');
INSERT INTO bug_device (bug_id, device_id) VALUES ('284','10');
INSERT INTO bug_device (bug_id, device_id) VALUES ('285','4');
INSERT INTO bug_device (bug_id, device_id) VALUES ('286','3');
INSERT INTO bug_device (bug_id, device_id) VALUES ('287','3');
INSERT INTO bug_device (bug_id, device_id) VALUES ('288','1');
INSERT INTO bug_device (bug_id, device_id) VALUES ('289','6');
INSERT INTO bug_device (bug_id, device_id) VALUES ('290','8');
INSERT INTO bug_device (bug_id, device_id) VALUES ('291','9');
INSERT INTO bug_device (bug_id, device_id) VALUES ('292','3');
INSERT INTO bug_device (bug_id, device_id) VALUES ('293','8');
INSERT INTO bug_device (bug_id, device_id) VALUES ('294','7');
INSERT INTO bug_device (bug_id, device_id) VALUES ('295','6');
INSERT INTO bug_device (bug_id, device_id) VALUES ('296','3');
INSERT INTO bug_device (bug_id, device_id) VALUES ('297','5');
INSERT INTO bug_device (bug_id, device_id) VALUES ('298','1');
INSERT INTO bug_device (bug_id, device_id) VALUES ('299','10');
INSERT INTO bug_device (bug_id, device_id) VALUES ('300','9');
INSERT INTO bug_device (bug_id, device_id) VALUES ('301','9');
INSERT INTO bug_device (bug_id, device_id) VALUES ('302','3');
INSERT INTO bug_device (bug_id, device_id) VALUES ('303','3');
INSERT INTO bug_device (bug_id, device_id) VALUES ('304','3');
INSERT INTO bug_device (bug_id, device_id) VALUES ('305','4');
INSERT INTO bug_device (bug_id, device_id) VALUES ('306','3');
INSERT INTO bug_device (bug_id, device_id) VALUES ('307','1');
INSERT INTO bug_device (bug_id, device_id) VALUES ('308','4');
INSERT INTO bug_device (bug_id, device_id) VALUES ('309','6');
INSERT INTO bug_device (bug_id, device_id) VALUES ('310','6');
INSERT INTO bug_device (bug_id, device_id) VALUES ('311','9');
INSERT INTO bug_device (bug_id, device_id) VALUES ('312','3');
INSERT INTO bug_device (bug_id, device_id) VALUES ('313','3');
INSERT INTO bug_device (bug_id, device_id) VALUES ('314','4');
INSERT INTO bug_device (bug_id, device_id) VALUES ('315','10');
INSERT INTO bug_device (bug_id, device_id) VALUES ('316','8');
INSERT INTO bug_device (bug_id, device_id) VALUES ('317','7');
INSERT INTO bug_device (bug_id, device_id) VALUES ('318','5');
INSERT INTO bug_device (bug_id, device_id) VALUES ('319','1');
INSERT INTO bug_device (bug_id, device_id) VALUES ('320','3');
INSERT INTO bug_device (bug_id, device_id) VALUES ('321','7');
INSERT INTO bug_device (bug_id, device_id) VALUES ('322','10');
INSERT INTO bug_device (bug_id, device_id) VALUES ('323','1');
INSERT INTO bug_device (bug_id, device_id) VALUES ('324','5');
INSERT INTO bug_device (bug_id, device_id) VALUES ('325','6');
INSERT INTO bug_device (bug_id, device_id) VALUES ('326','9');
INSERT INTO bug_device (bug_id, device_id) VALUES ('327','5');
INSERT INTO bug_device (bug_id, device_id) VALUES ('328','9');
INSERT INTO bug_device (bug_id, device_id) VALUES ('329','10');
INSERT INTO bug_device (bug_id, device_id) VALUES ('330','10');
INSERT INTO bug_device (bug_id, device_id) VALUES ('331','10');
INSERT INTO bug_device (bug_id, device_id) VALUES ('332','3');
INSERT INTO bug_device (bug_id, device_id) VALUES ('333','8');
INSERT INTO bug_device (bug_id, device_id) VALUES ('334','4');
INSERT INTO bug_device (bug_id, device_id) VALUES ('335','1');
INSERT INTO bug_device (bug_id, device_id) VALUES ('336','1');
INSERT INTO bug_device (bug_id, device_id) VALUES ('337','4');
INSERT INTO bug_device (bug_id, device_id) VALUES ('338','6');
INSERT INTO bug_device (bug_id, device_id) VALUES ('339','8');
INSERT INTO bug_device (bug_id, device_id) VALUES ('340','8');
INSERT INTO bug_device (bug_id, device_id) VALUES ('341','9');
INSERT INTO bug_device (bug_id, device_id) VALUES ('342','3');
INSERT INTO bug_device (bug_id, device_id) VALUES ('343','7');
INSERT INTO bug_device (bug_id, device_id) VALUES ('344','6');
INSERT INTO bug_device (bug_id, device_id) VALUES ('345','3');
INSERT INTO bug_device (bug_id, device_id) VALUES ('346','4');
INSERT INTO bug_device (bug_id, device_id) VALUES ('347','4');
INSERT INTO bug_device (bug_id, device_id) VALUES ('348','1');
INSERT INTO bug_device (bug_id, device_id) VALUES ('349','2');
INSERT INTO bug_device (bug_id, device_id) VALUES ('350','8');
INSERT INTO bug_device (bug_id, device_id) VALUES ('351','4');
INSERT INTO bug_device (bug_id, device_id) VALUES ('352','10');
INSERT INTO bug_device (bug_id, device_id) VALUES ('353','3');
INSERT INTO bug_device (bug_id, device_id) VALUES ('354','1');
INSERT INTO bug_device (bug_id, device_id) VALUES ('355','7');
INSERT INTO bug_device (bug_id, device_id) VALUES ('356','7');
INSERT INTO bug_device (bug_id, device_id) VALUES ('357','9');
INSERT INTO bug_device (bug_id, device_id) VALUES ('358','7');
INSERT INTO bug_device (bug_id, device_id) VALUES ('359','2');
INSERT INTO bug_device (bug_id, device_id) VALUES ('360','6');
INSERT INTO bug_device (bug_id, device_id) VALUES ('361','5');
INSERT INTO bug_device (bug_id, device_id) VALUES ('362','7');
INSERT INTO bug_device (bug_id, device_id) VALUES ('363','6');
INSERT INTO bug_device (bug_id, device_id) VALUES ('364','6');
INSERT INTO bug_device (bug_id, device_id) VALUES ('365','3');
INSERT INTO bug_device (bug_id, device_id) VALUES ('366','5');
INSERT INTO bug_device (bug_id, device_id) VALUES ('367','10');
INSERT INTO bug_device (bug_id, device_id) VALUES ('368','3');
INSERT INTO bug_device (bug_id, device_id) VALUES ('369','4');
INSERT INTO bug_device (bug_id, device_id) VALUES ('370','6');
INSERT INTO bug_device (bug_id, device_id) VALUES ('371','6');
INSERT INTO bug_device (bug_id, device_id) VALUES ('372','6');
INSERT INTO bug_device (bug_id, device_id) VALUES ('373','1');
INSERT INTO bug_device (bug_id, device_id) VALUES ('374','1');
INSERT INTO bug_device (bug_id, device_id) VALUES ('375','2');
INSERT INTO bug_device (bug_id, device_id) VALUES ('376','3');
INSERT INTO bug_device (bug_id, device_id) VALUES ('377','4');
INSERT INTO bug_device (bug_id, device_id) VALUES ('378','7');
INSERT INTO bug_device (bug_id, device_id) VALUES ('379','5');
INSERT INTO bug_device (bug_id, device_id) VALUES ('380','2');
INSERT INTO bug_device (bug_id, device_id) VALUES ('381','5');
INSERT INTO bug_device (bug_id, device_id) VALUES ('382','8');
INSERT INTO bug_device (bug_id, device_id) VALUES ('383','6');
INSERT INTO bug_device (bug_id, device_id) VALUES ('384','6');
INSERT INTO bug_device (bug_id, device_id) VALUES ('385','3');
INSERT INTO bug_device (bug_id, device_id) VALUES ('386','5');
INSERT INTO bug_device (bug_id, device_id) VALUES ('387','1');
INSERT INTO bug_device (bug_id, device_id) VALUES ('388','1');
INSERT INTO bug_device (bug_id, device_id) VALUES ('389','2');
INSERT INTO bug_device (bug_id, device_id) VALUES ('390','3');
INSERT INTO bug_device (bug_id, device_id) VALUES ('391','7');
INSERT INTO bug_device (bug_id, device_id) VALUES ('392','4');
INSERT INTO bug_device (bug_id, device_id) VALUES ('393','3');
INSERT INTO bug_device (bug_id, device_id) VALUES ('394','4');
INSERT INTO bug_device (bug_id, device_id) VALUES ('395','3');
INSERT INTO bug_device (bug_id, device_id) VALUES ('396','3');
INSERT INTO bug_device (bug_id, device_id) VALUES ('397','1');
INSERT INTO bug_device (bug_id, device_id) VALUES ('398','3');
INSERT INTO bug_device (bug_id, device_id) VALUES ('399','2');
INSERT INTO bug_device (bug_id, device_id) VALUES ('400','3');
INSERT INTO bug_device (bug_id, device_id) VALUES ('401','5');
INSERT INTO bug_device (bug_id, device_id) VALUES ('402','7');
INSERT INTO bug_device (bug_id, device_id) VALUES ('403','6');
INSERT INTO bug_device (bug_id, device_id) VALUES ('404','4');
INSERT INTO bug_device (bug_id, device_id) VALUES ('405','1');
INSERT INTO bug_device (bug_id, device_id) VALUES ('406','2');
INSERT INTO bug_device (bug_id, device_id) VALUES ('407','2');
INSERT INTO bug_device (bug_id, device_id) VALUES ('408','5');
INSERT INTO bug_device (bug_id, device_id) VALUES ('409','5');
INSERT INTO bug_device (bug_id, device_id) VALUES ('410','3');
INSERT INTO bug_device (bug_id, device_id) VALUES ('411','3');
INSERT INTO bug_device (bug_id, device_id) VALUES ('412','6');
INSERT INTO bug_device (bug_id, device_id) VALUES ('413','3');
INSERT INTO bug_device (bug_id, device_id) VALUES ('414','1');
INSERT INTO bug_device (bug_id, device_id) VALUES ('415','7');
INSERT INTO bug_device (bug_id, device_id) VALUES ('416','9');
INSERT INTO bug_device (bug_id, device_id) VALUES ('417','3');
INSERT INTO bug_device (bug_id, device_id) VALUES ('418','1');
INSERT INTO bug_device (bug_id, device_id) VALUES ('419','1');
INSERT INTO bug_device (bug_id, device_id) VALUES ('420','9');
INSERT INTO bug_device (bug_id, device_id) VALUES ('421','6');
INSERT INTO bug_device (bug_id, device_id) VALUES ('422','5');
INSERT INTO bug_device (bug_id, device_id) VALUES ('423','4');
INSERT INTO bug_device (bug_id, device_id) VALUES ('424','8');
INSERT INTO bug_device (bug_id, device_id) VALUES ('425','2');
INSERT INTO bug_device (bug_id, device_id) VALUES ('426','4');
INSERT INTO bug_device (bug_id, device_id) VALUES ('427','2');
INSERT INTO bug_device (bug_id, device_id) VALUES ('428','2');
INSERT INTO bug_device (bug_id, device_id) VALUES ('429','5');
INSERT INTO bug_device (bug_id, device_id) VALUES ('430','6');
INSERT INTO bug_device (bug_id, device_id) VALUES ('431','1');
INSERT INTO bug_device (bug_id, device_id) VALUES ('432','6');
INSERT INTO bug_device (bug_id, device_id) VALUES ('433','6');
INSERT INTO bug_device (bug_id, device_id) VALUES ('434','1');
INSERT INTO bug_device (bug_id, device_id) VALUES ('435','9');
INSERT INTO bug_device (bug_id, device_id) VALUES ('436','7');
INSERT INTO bug_device (bug_id, device_id) VALUES ('437','2');
INSERT INTO bug_device (bug_id, device_id) VALUES ('438','10');
INSERT INTO bug_device (bug_id, device_id) VALUES ('439','1');
INSERT INTO bug_device (bug_id, device_id) VALUES ('440','2');
INSERT INTO bug_device (bug_id, device_id) VALUES ('441','5');
INSERT INTO bug_device (bug_id, device_id) VALUES ('442','2');
INSERT INTO bug_device (bug_id, device_id) VALUES ('443','3');
INSERT INTO bug_device (bug_id, device_id) VALUES ('444','5');
INSERT INTO bug_device (bug_id, device_id) VALUES ('445','3');
INSERT INTO bug_device (bug_id, device_id) VALUES ('446','6');
INSERT INTO bug_device (bug_id, device_id) VALUES ('447','6');
INSERT INTO bug_device (bug_id, device_id) VALUES ('448','2');
INSERT INTO bug_device (bug_id, device_id) VALUES ('449','1');
INSERT INTO bug_device (bug_id, device_id) VALUES ('450','3');
INSERT INTO bug_device (bug_id, device_id) VALUES ('451','1');
INSERT INTO bug_device (bug_id, device_id) VALUES ('452','4');
INSERT INTO bug_device (bug_id, device_id) VALUES ('453','5');
INSERT INTO bug_device (bug_id, device_id) VALUES ('454','1');
INSERT INTO bug_device (bug_id, device_id) VALUES ('455','4');
INSERT INTO bug_device (bug_id, device_id) VALUES ('456','2');
INSERT INTO bug_device (bug_id, device_id) VALUES ('457','3');
INSERT INTO bug_device (bug_id, device_id) VALUES ('458','1');
INSERT INTO bug_device (bug_id, device_id) VALUES ('459','3');
INSERT INTO bug_device (bug_id, device_id) VALUES ('460','3');
INSERT INTO bug_device (bug_id, device_id) VALUES ('461','7');
INSERT INTO bug_device (bug_id, device_id) VALUES ('462','9');
INSERT INTO bug_device (bug_id, device_id) VALUES ('463','3');
INSERT INTO bug_device (bug_id, device_id) VALUES ('464','8');
INSERT INTO bug_device (bug_id, device_id) VALUES ('465','2');
INSERT INTO bug_device (bug_id, device_id) VALUES ('466','2');
INSERT INTO bug_device (bug_id, device_id) VALUES ('467','2');
INSERT INTO bug_device (bug_id, device_id) VALUES ('468','6');
INSERT INTO bug_device (bug_id, device_id) VALUES ('469','5');
INSERT INTO bug_device (bug_id, device_id) VALUES ('470','10');
INSERT INTO bug_device (bug_id, device_id) VALUES ('471','9');
INSERT INTO bug_device (bug_id, device_id) VALUES ('472','1');
INSERT INTO bug_device (bug_id, device_id) VALUES ('473','6');
INSERT INTO bug_device (bug_id, device_id) VALUES ('474','6');
INSERT INTO bug_device (bug_id, device_id) VALUES ('475','6');
INSERT INTO bug_device (bug_id, device_id) VALUES ('476','7');
INSERT INTO bug_device (bug_id, device_id) VALUES ('477','3');
INSERT INTO bug_device (bug_id, device_id) VALUES ('478','4');
INSERT INTO bug_device (bug_id, device_id) VALUES ('479','5');
INSERT INTO bug_device (bug_id, device_id) VALUES ('480','3');
INSERT INTO bug_device (bug_id, device_id) VALUES ('481','3');
INSERT INTO bug_device (bug_id, device_id) VALUES ('482','5');
INSERT INTO bug_device (bug_id, device_id) VALUES ('483','5');
INSERT INTO bug_device (bug_id, device_id) VALUES ('484','3');
INSERT INTO bug_device (bug_id, device_id) VALUES ('485','6');
INSERT INTO bug_device (bug_id, device_id) VALUES ('486','3');
INSERT INTO bug_device (bug_id, device_id) VALUES ('487','6');
INSERT INTO bug_device (bug_id, device_id) VALUES ('488','7');
INSERT INTO bug_device (bug_id, device_id) VALUES ('489','3');
INSERT INTO bug_device (bug_id, device_id) VALUES ('490','3');
INSERT INTO bug_device (bug_id, device_id) VALUES ('491','3');
INSERT INTO bug_device (bug_id, device_id) VALUES ('492','1');
INSERT INTO bug_device (bug_id, device_id) VALUES ('493','10');
INSERT INTO bug_device (bug_id, device_id) VALUES ('494','6');
INSERT INTO bug_device (bug_id, device_id) VALUES ('495','6');
INSERT INTO bug_device (bug_id, device_id) VALUES ('496','5');
INSERT INTO bug_device (bug_id, device_id) VALUES ('497','3');
INSERT INTO bug_device (bug_id, device_id) VALUES ('498','10');
INSERT INTO bug_device (bug_id, device_id) VALUES ('499','5');
INSERT INTO bug_device (bug_id, device_id) VALUES ('500','3');
INSERT INTO bug_device (bug_id, device_id) VALUES ('501','10');
INSERT INTO bug_device (bug_id, device_id) VALUES ('502','6');
INSERT INTO bug_device (bug_id, device_id) VALUES ('503','3');
INSERT INTO bug_device (bug_id, device_id) VALUES ('504','3');
INSERT INTO bug_device (bug_id, device_id) VALUES ('505','2');
INSERT INTO bug_device (bug_id, device_id) VALUES ('506','3');
INSERT INTO bug_device (bug_id, device_id) VALUES ('507','3');
INSERT INTO bug_device (bug_id, device_id) VALUES ('508','6');
INSERT INTO bug_device (bug_id, device_id) VALUES ('509','3');
INSERT INTO bug_device (bug_id, device_id) VALUES ('510','3');
INSERT INTO bug_device (bug_id, device_id) VALUES ('511','6');
INSERT INTO bug_device (bug_id, device_id) VALUES ('512','5');
INSERT INTO bug_device (bug_id, device_id) VALUES ('513','7');
INSERT INTO bug_device (bug_id, device_id) VALUES ('514','5');
INSERT INTO bug_device (bug_id, device_id) VALUES ('515','2');
INSERT INTO bug_device (bug_id, device_id) VALUES ('516','5');
INSERT INTO bug_device (bug_id, device_id) VALUES ('517','3');
INSERT INTO bug_device (bug_id, device_id) VALUES ('518','6');
INSERT INTO bug_device (bug_id, device_id) VALUES ('519','3');
INSERT INTO bug_device (bug_id, device_id) VALUES ('520','1');
INSERT INTO bug_device (bug_id, device_id) VALUES ('521','10');
INSERT INTO bug_device (bug_id, device_id) VALUES ('522','4');
INSERT INTO bug_device (bug_id, device_id) VALUES ('523','9');
INSERT INTO bug_device (bug_id, device_id) VALUES ('524','10');
INSERT INTO bug_device (bug_id, device_id) VALUES ('525','9');
INSERT INTO bug_device (bug_id, device_id) VALUES ('526','3');
INSERT INTO bug_device (bug_id, device_id) VALUES ('527','8');
INSERT INTO bug_device (bug_id, device_id) VALUES ('528','4');
INSERT INTO bug_device (bug_id, device_id) VALUES ('529','3');
INSERT INTO bug_device (bug_id, device_id) VALUES ('530','10');
INSERT INTO bug_device (bug_id, device_id) VALUES ('531','3');
INSERT INTO bug_device (bug_id, device_id) VALUES ('532','3');
INSERT INTO bug_device (bug_id, device_id) VALUES ('533','4');
INSERT INTO bug_device (bug_id, device_id) VALUES ('534','2');
INSERT INTO bug_device (bug_id, device_id) VALUES ('535','9');
INSERT INTO bug_device (bug_id, device_id) VALUES ('536','5');
INSERT INTO bug_device (bug_id, device_id) VALUES ('537','8');
INSERT INTO bug_device (bug_id, device_id) VALUES ('538','3');
INSERT INTO bug_device (bug_id, device_id) VALUES ('539','5');
INSERT INTO bug_device (bug_id, device_id) VALUES ('540','1');
INSERT INTO bug_device (bug_id, device_id) VALUES ('541','4');
INSERT INTO bug_device (bug_id, device_id) VALUES ('542','5');
INSERT INTO bug_device (bug_id, device_id) VALUES ('543','10');
INSERT INTO bug_device (bug_id, device_id) VALUES ('544','10');
INSERT INTO bug_device (bug_id, device_id) VALUES ('545','5');
INSERT INTO bug_device (bug_id, device_id) VALUES ('546','5');
INSERT INTO bug_device (bug_id, device_id) VALUES ('547','1');
INSERT INTO bug_device (bug_id, device_id) VALUES ('548','1');
INSERT INTO bug_device (bug_id, device_id) VALUES ('549','1');
INSERT INTO bug_device (bug_id, device_id) VALUES ('550','8');
INSERT INTO bug_device (bug_id, device_id) VALUES ('551','1');
INSERT INTO bug_device (bug_id, device_id) VALUES ('552','3');
INSERT INTO bug_device (bug_id, device_id) VALUES ('553','3');
INSERT INTO bug_device (bug_id, device_id) VALUES ('554','3');
INSERT INTO bug_device (bug_id, device_id) VALUES ('555','9');
INSERT INTO bug_device (bug_id, device_id) VALUES ('556','3');
INSERT INTO bug_device (bug_id, device_id) VALUES ('557','1');
INSERT INTO bug_device (bug_id, device_id) VALUES ('558','6');
INSERT INTO bug_device (bug_id, device_id) VALUES ('559','2');
INSERT INTO bug_device (bug_id, device_id) VALUES ('560','3');
INSERT INTO bug_device (bug_id, device_id) VALUES ('561','6');
INSERT INTO bug_device (bug_id, device_id) VALUES ('562','4');
INSERT INTO bug_device (bug_id, device_id) VALUES ('563','10');
INSERT INTO bug_device (bug_id, device_id) VALUES ('564','8');
INSERT INTO bug_device (bug_id, device_id) VALUES ('565','5');
INSERT INTO bug_device (bug_id, device_id) VALUES ('566','3');
INSERT INTO bug_device (bug_id, device_id) VALUES ('567','6');
INSERT INTO bug_device (bug_id, device_id) VALUES ('568','3');
INSERT INTO bug_device (bug_id, device_id) VALUES ('569','2');
INSERT INTO bug_device (bug_id, device_id) VALUES ('570','10');
INSERT INTO bug_device (bug_id, device_id) VALUES ('571','6');
INSERT INTO bug_device (bug_id, device_id) VALUES ('572','4');
INSERT INTO bug_device (bug_id, device_id) VALUES ('573','9');
INSERT INTO bug_device (bug_id, device_id) VALUES ('574','7');
INSERT INTO bug_device (bug_id, device_id) VALUES ('575','3');
INSERT INTO bug_device (bug_id, device_id) VALUES ('576','4');
INSERT INTO bug_device (bug_id, device_id) VALUES ('577','7');
INSERT INTO bug_device (bug_id, device_id) VALUES ('578','7');
INSERT INTO bug_device (bug_id, device_id) VALUES ('579','9');
INSERT INTO bug_device (bug_id, device_id) VALUES ('580','6');
INSERT INTO bug_device (bug_id, device_id) VALUES ('581','4');
INSERT INTO bug_device (bug_id, device_id) VALUES ('582','9');
INSERT INTO bug_device (bug_id, device_id) VALUES ('583','2');
INSERT INTO bug_device (bug_id, device_id) VALUES ('584','5');
INSERT INTO bug_device (bug_id, device_id) VALUES ('585','1');
INSERT INTO bug_device (bug_id, device_id) VALUES ('586','1');
INSERT INTO bug_device (bug_id, device_id) VALUES ('587','8');
INSERT INTO bug_device (bug_id, device_id) VALUES ('588','1');
INSERT INTO bug_device (bug_id, device_id) VALUES ('589','8');
INSERT INTO bug_device (bug_id, device_id) VALUES ('590','6');
INSERT INTO bug_device (bug_id, device_id) VALUES ('591','10');
INSERT INTO bug_device (bug_id, device_id) VALUES ('592','2');
INSERT INTO bug_device (bug_id, device_id) VALUES ('593','3');
INSERT INTO bug_device (bug_id, device_id) VALUES ('594','4');
INSERT INTO bug_device (bug_id, device_id) VALUES ('595','5');
INSERT INTO bug_device (bug_id, device_id) VALUES ('596','4');
INSERT INTO bug_device (bug_id, device_id) VALUES ('597','3');
INSERT INTO bug_device (bug_id, device_id) VALUES ('598','8');
INSERT INTO bug_device (bug_id, device_id) VALUES ('599','7');
INSERT INTO bug_device (bug_id, device_id) VALUES ('600','2');
INSERT INTO bug_device (bug_id, device_id) VALUES ('601','1');
INSERT INTO bug_device (bug_id, device_id) VALUES ('602','9');
INSERT INTO bug_device (bug_id, device_id) VALUES ('603','3');
INSERT INTO bug_device (bug_id, device_id) VALUES ('604','1');
INSERT INTO bug_device (bug_id, device_id) VALUES ('605','10');
INSERT INTO bug_device (bug_id, device_id) VALUES ('606','8');
INSERT INTO bug_device (bug_id, device_id) VALUES ('607','1');
INSERT INTO bug_device (bug_id, device_id) VALUES ('608','1');
INSERT INTO bug_device (bug_id, device_id) VALUES ('609','3');
INSERT INTO bug_device (bug_id, device_id) VALUES ('610','2');
INSERT INTO bug_device (bug_id, device_id) VALUES ('611','4');
INSERT INTO bug_device (bug_id, device_id) VALUES ('612','4');
INSERT INTO bug_device (bug_id, device_id) VALUES ('613','6');
INSERT INTO bug_device (bug_id, device_id) VALUES ('614','3');
INSERT INTO bug_device (bug_id, device_id) VALUES ('615','6');
INSERT INTO bug_device (bug_id, device_id) VALUES ('616','4');
INSERT INTO bug_device (bug_id, device_id) VALUES ('617','3');
INSERT INTO bug_device (bug_id, device_id) VALUES ('618','8');
INSERT INTO bug_device (bug_id, device_id) VALUES ('619','9');
INSERT INTO bug_device (bug_id, device_id) VALUES ('620','8');
INSERT INTO bug_device (bug_id, device_id) VALUES ('621','3');
INSERT INTO bug_device (bug_id, device_id) VALUES ('622','1');
INSERT INTO bug_device (bug_id, device_id) VALUES ('623','1');
INSERT INTO bug_device (bug_id, device_id) VALUES ('624','10');
INSERT INTO bug_device (bug_id, device_id) VALUES ('625','9');
INSERT INTO bug_device (bug_id, device_id) VALUES ('626','8');
INSERT INTO bug_device (bug_id, device_id) VALUES ('627','3');
INSERT INTO bug_device (bug_id, device_id) VALUES ('628','5');
INSERT INTO bug_device (bug_id, device_id) VALUES ('629','6');
INSERT INTO bug_device (bug_id, device_id) VALUES ('630','6');
INSERT INTO bug_device (bug_id, device_id) VALUES ('631','2');
INSERT INTO bug_device (bug_id, device_id) VALUES ('632','10');
INSERT INTO bug_device (bug_id, device_id) VALUES ('633','3');
INSERT INTO bug_device (bug_id, device_id) VALUES ('634','2');
INSERT INTO bug_device (bug_id, device_id) VALUES ('635','7');
INSERT INTO bug_device (bug_id, device_id) VALUES ('636','3');
INSERT INTO bug_device (bug_id, device_id) VALUES ('637','9');
INSERT INTO bug_device (bug_id, device_id) VALUES ('638','4');
INSERT INTO bug_device (bug_id, device_id) VALUES ('639','6');
INSERT INTO bug_device (bug_id, device_id) VALUES ('640','5');
INSERT INTO bug_device (bug_id, device_id) VALUES ('641','6');
INSERT INTO bug_device (bug_id, device_id) VALUES ('642','4');
INSERT INTO bug_device (bug_id, device_id) VALUES ('643','2');
INSERT INTO bug_device (bug_id, device_id) VALUES ('644','3');
INSERT INTO bug_device (bug_id, device_id) VALUES ('645','7');
INSERT INTO bug_device (bug_id, device_id) VALUES ('646','1');
INSERT INTO bug_device (bug_id, device_id) VALUES ('647','9');
INSERT INTO bug_device (bug_id, device_id) VALUES ('648','1');
INSERT INTO bug_device (bug_id, device_id) VALUES ('649','10');
INSERT INTO bug_device (bug_id, device_id) VALUES ('650','3');
INSERT INTO bug_device (bug_id, device_id) VALUES ('651','4');
INSERT INTO bug_device (bug_id, device_id) VALUES ('652','2');
INSERT INTO bug_device (bug_id, device_id) VALUES ('653','3');
INSERT INTO bug_device (bug_id, device_id) VALUES ('654','7');
INSERT INTO bug_device (bug_id, device_id) VALUES ('655','8');
INSERT INTO bug_device (bug_id, device_id) VALUES ('656','7');
INSERT INTO bug_device (bug_id, device_id) VALUES ('657','1');
INSERT INTO bug_device (bug_id, device_id) VALUES ('658','3');
INSERT INTO bug_device (bug_id, device_id) VALUES ('659','3');
INSERT INTO bug_device (bug_id, device_id) VALUES ('660','4');
INSERT INTO bug_device (bug_id, device_id) VALUES ('661','7');
INSERT INTO bug_device (bug_id, device_id) VALUES ('662','6');
INSERT INTO bug_device (bug_id, device_id) VALUES ('663','3');
INSERT INTO bug_device (bug_id, device_id) VALUES ('664','10');
INSERT INTO bug_device (bug_id, device_id) VALUES ('665','6');
INSERT INTO bug_device (bug_id, device_id) VALUES ('666','10');
INSERT INTO bug_device (bug_id, device_id) VALUES ('667','6');
INSERT INTO bug_device (bug_id, device_id) VALUES ('668','2');
INSERT INTO bug_device (bug_id, device_id) VALUES ('669','2');
INSERT INTO bug_device (bug_id, device_id) VALUES ('670','3');
INSERT INTO bug_device (bug_id, device_id) VALUES ('671','3');
INSERT INTO bug_device (bug_id, device_id) VALUES ('672','3');
INSERT INTO bug_device (bug_id, device_id) VALUES ('673','3');
INSERT INTO bug_device (bug_id, device_id) VALUES ('674','3');
INSERT INTO bug_device (bug_id, device_id) VALUES ('675','8');
INSERT INTO bug_device (bug_id, device_id) VALUES ('676','3');
INSERT INTO bug_device (bug_id, device_id) VALUES ('677','1');
INSERT INTO bug_device (bug_id, device_id) VALUES ('678','9');
INSERT INTO bug_device (bug_id, device_id) VALUES ('679','2');
INSERT INTO bug_device (bug_id, device_id) VALUES ('680','3');
INSERT INTO bug_device (bug_id, device_id) VALUES ('681','1');
INSERT INTO bug_device (bug_id, device_id) VALUES ('682','5');
INSERT INTO bug_device (bug_id, device_id) VALUES ('683','6');
INSERT INTO bug_device (bug_id, device_id) VALUES ('684','2');
INSERT INTO bug_device (bug_id, device_id) VALUES ('685','3');
INSERT INTO bug_device (bug_id, device_id) VALUES ('686','7');
INSERT INTO bug_device (bug_id, device_id) VALUES ('687','3');
INSERT INTO bug_device (bug_id, device_id) VALUES ('688','8');
INSERT INTO bug_device (bug_id, device_id) VALUES ('689','6');
INSERT INTO bug_device (bug_id, device_id) VALUES ('690','3');
INSERT INTO bug_device (bug_id, device_id) VALUES ('691','5');
INSERT INTO bug_device (bug_id, device_id) VALUES ('692','2');
INSERT INTO bug_device (bug_id, device_id) VALUES ('693','5');
INSERT INTO bug_device (bug_id, device_id) VALUES ('694','1');
INSERT INTO bug_device (bug_id, device_id) VALUES ('695','6');
INSERT INTO bug_device (bug_id, device_id) VALUES ('696','1');
INSERT INTO bug_device (bug_id, device_id) VALUES ('697','1');
INSERT INTO bug_device (bug_id, device_id) VALUES ('698','1');
INSERT INTO bug_device (bug_id, device_id) VALUES ('699','3');
INSERT INTO bug_device (bug_id, device_id) VALUES ('700','5');
INSERT INTO bug_device (bug_id, device_id) VALUES ('701','6');
INSERT INTO bug_device (bug_id, device_id) VALUES ('702','3');
INSERT INTO bug_device (bug_id, device_id) VALUES ('703','5');
INSERT INTO bug_device (bug_id, device_id) VALUES ('704','3');
INSERT INTO bug_device (bug_id, device_id) VALUES ('705','3');
INSERT INTO bug_device (bug_id, device_id) VALUES ('706','7');
INSERT INTO bug_device (bug_id, device_id) VALUES ('707','4');
INSERT INTO bug_device (bug_id, device_id) VALUES ('708','3');
INSERT INTO bug_device (bug_id, device_id) VALUES ('709','10');
INSERT INTO bug_device (bug_id, device_id) VALUES ('710','4');
INSERT INTO bug_device (bug_id, device_id) VALUES ('711','6');
INSERT INTO bug_device (bug_id, device_id) VALUES ('712','9');
INSERT INTO bug_device (bug_id, device_id) VALUES ('713','1');
INSERT INTO bug_device (bug_id, device_id) VALUES ('714','3');
INSERT INTO bug_device (bug_id, device_id) VALUES ('715','7');
INSERT INTO bug_device (bug_id, device_id) VALUES ('716','10');
INSERT INTO bug_device (bug_id, device_id) VALUES ('717','6');
INSERT INTO bug_device (bug_id, device_id) VALUES ('718','9');
INSERT INTO bug_device (bug_id, device_id) VALUES ('719','1');
INSERT INTO bug_device (bug_id, device_id) VALUES ('720','8');
INSERT INTO bug_device (bug_id, device_id) VALUES ('721','1');
INSERT INTO bug_device (bug_id, device_id) VALUES ('722','3');
INSERT INTO bug_device (bug_id, device_id) VALUES ('723','1');
INSERT INTO bug_device (bug_id, device_id) VALUES ('724','1');
INSERT INTO bug_device (bug_id, device_id) VALUES ('725','1');
INSERT INTO bug_device (bug_id, device_id) VALUES ('726','1');
INSERT INTO bug_device (bug_id, device_id) VALUES ('727','6');
INSERT INTO bug_device (bug_id, device_id) VALUES ('728','4');
INSERT INTO bug_device (bug_id, device_id) VALUES ('729','5');
INSERT INTO bug_device (bug_id, device_id) VALUES ('730','4');
INSERT INTO bug_device (bug_id, device_id) VALUES ('731','4');
INSERT INTO bug_device (bug_id, device_id) VALUES ('732','6');
INSERT INTO bug_device (bug_id, device_id) VALUES ('733','3');
INSERT INTO bug_device (bug_id, device_id) VALUES ('734','3');
INSERT INTO bug_device (bug_id, device_id) VALUES ('735','2');
INSERT INTO bug_device (bug_id, device_id) VALUES ('736','6');
INSERT INTO bug_device (bug_id, device_id) VALUES ('737','10');
INSERT INTO bug_device (bug_id, device_id) VALUES ('738','1');
INSERT INTO bug_device (bug_id, device_id) VALUES ('739','1');
INSERT INTO bug_device (bug_id, device_id) VALUES ('740','1');
INSERT INTO bug_device (bug_id, device_id) VALUES ('741','3');
INSERT INTO bug_device (bug_id, device_id) VALUES ('742','1');
INSERT INTO bug_device (bug_id, device_id) VALUES ('743','9');
INSERT INTO bug_device (bug_id, device_id) VALUES ('744','1');
INSERT INTO bug_device (bug_id, device_id) VALUES ('745','10');
INSERT INTO bug_device (bug_id, device_id) VALUES ('746','5');
INSERT INTO bug_device (bug_id, device_id) VALUES ('747','4');
INSERT INTO bug_device (bug_id, device_id) VALUES ('748','5');
INSERT INTO bug_device (bug_id, device_id) VALUES ('749','6');
INSERT INTO bug_device (bug_id, device_id) VALUES ('750','3');
INSERT INTO bug_device (bug_id, device_id) VALUES ('751','6');
INSERT INTO bug_device (bug_id, device_id) VALUES ('752','4');
INSERT INTO bug_device (bug_id, device_id) VALUES ('753','1');
INSERT INTO bug_device (bug_id, device_id) VALUES ('754','1');
INSERT INTO bug_device (bug_id, device_id) VALUES ('755','8');
INSERT INTO bug_device (bug_id, device_id) VALUES ('756','1');
INSERT INTO bug_device (bug_id, device_id) VALUES ('757','5');
INSERT INTO bug_device (bug_id, device_id) VALUES ('758','9');
INSERT INTO bug_device (bug_id, device_id) VALUES ('759','1');
INSERT INTO bug_device (bug_id, device_id) VALUES ('760','3');
INSERT INTO bug_device (bug_id, device_id) VALUES ('761','9');
INSERT INTO bug_device (bug_id, device_id) VALUES ('762','3');
INSERT INTO bug_device (bug_id, device_id) VALUES ('763','6');
INSERT INTO bug_device (bug_id, device_id) VALUES ('764','3');
INSERT INTO bug_device (bug_id, device_id) VALUES ('765','3');
INSERT INTO bug_device (bug_id, device_id) VALUES ('766','3');
INSERT INTO bug_device (bug_id, device_id) VALUES ('767','5');
INSERT INTO bug_device (bug_id, device_id) VALUES ('768','3');
INSERT INTO bug_device (bug_id, device_id) VALUES ('769','4');
INSERT INTO bug_device (bug_id, device_id) VALUES ('770','3');
INSERT INTO bug_device (bug_id, device_id) VALUES ('771','3');
INSERT INTO bug_device (bug_id, device_id) VALUES ('772','3');
INSERT INTO bug_device (bug_id, device_id) VALUES ('773','3');
INSERT INTO bug_device (bug_id, device_id) VALUES ('774','3');
INSERT INTO bug_device (bug_id, device_id) VALUES ('775','4');
INSERT INTO bug_device (bug_id, device_id) VALUES ('776','2');
INSERT INTO bug_device (bug_id, device_id) VALUES ('777','7');
INSERT INTO bug_device (bug_id, device_id) VALUES ('778','9');
INSERT INTO bug_device (bug_id, device_id) VALUES ('779','3');
INSERT INTO bug_device (bug_id, device_id) VALUES ('780','5');
INSERT INTO bug_device (bug_id, device_id) VALUES ('781','6');
INSERT INTO bug_device (bug_id, device_id) VALUES ('782','1');
INSERT INTO bug_device (bug_id, device_id) VALUES ('783','1');
INSERT INTO bug_device (bug_id, device_id) VALUES ('784','5');
INSERT INTO bug_device (bug_id, device_id) VALUES ('785','3');
INSERT INTO bug_device (bug_id, device_id) VALUES ('786','1');
INSERT INTO bug_device (bug_id, device_id) VALUES ('787','4');
INSERT INTO bug_device (bug_id, device_id) VALUES ('788','7');
INSERT INTO bug_device (bug_id, device_id) VALUES ('789','4');
INSERT INTO bug_device (bug_id, device_id) VALUES ('790','6');
INSERT INTO bug_device (bug_id, device_id) VALUES ('791','3');
INSERT INTO bug_device (bug_id, device_id) VALUES ('792','4');
INSERT INTO bug_device (bug_id, device_id) VALUES ('793','7');
INSERT INTO bug_device (bug_id, device_id) VALUES ('794','3');
INSERT INTO bug_device (bug_id, device_id) VALUES ('795','1');
INSERT INTO bug_device (bug_id, device_id) VALUES ('796','10');
INSERT INTO bug_device (bug_id, device_id) VALUES ('797','6');
INSERT INTO bug_device (bug_id, device_id) VALUES ('798','10');
INSERT INTO bug_device (bug_id, device_id) VALUES ('799','2');
INSERT INTO bug_device (bug_id, device_id) VALUES ('800','5');
INSERT INTO bug_device (bug_id, device_id) VALUES ('801','3');
INSERT INTO bug_device (bug_id, device_id) VALUES ('802','6');
INSERT INTO bug_device (bug_id, device_id) VALUES ('803','1');
INSERT INTO bug_device (bug_id, device_id) VALUES ('804','7');
INSERT INTO bug_device (bug_id, device_id) VALUES ('805','6');
INSERT INTO bug_device (bug_id, device_id) VALUES ('806','7');
INSERT INTO bug_device (bug_id, device_id) VALUES ('807','10');
INSERT INTO bug_device (bug_id, device_id) VALUES ('808','5');
INSERT INTO bug_device (bug_id, device_id) VALUES ('809','1');
INSERT INTO bug_device (bug_id, device_id) VALUES ('810','10');
INSERT INTO bug_device (bug_id, device_id) VALUES ('811','1');
INSERT INTO bug_device (bug_id, device_id) VALUES ('812','2');
INSERT INTO bug_device (bug_id, device_id) VALUES ('813','3');
INSERT INTO bug_device (bug_id, device_id) VALUES ('814','10');
INSERT INTO bug_device (bug_id, device_id) VALUES ('815','5');
INSERT INTO bug_device (bug_id, device_id) VALUES ('816','3');
INSERT INTO bug_device (bug_id, device_id) VALUES ('817','4');
INSERT INTO bug_device (bug_id, device_id) VALUES ('818','1');
INSERT INTO bug_device (bug_id, device_id) VALUES ('819','3');
INSERT INTO bug_device (bug_id, device_id) VALUES ('820','1');
INSERT INTO bug_device (bug_id, device_id) VALUES ('821','9');
INSERT INTO bug_device (bug_id, device_id) VALUES ('822','3');
INSERT INTO bug_device (bug_id, device_id) VALUES ('823','3');
INSERT INTO bug_device (bug_id, device_id) VALUES ('824','10');
INSERT INTO bug_device (bug_id, device_id) VALUES ('825','1');
INSERT INTO bug_device (bug_id, device_id) VALUES ('826','1');
INSERT INTO bug_device (bug_id, device_id) VALUES ('827','3');
INSERT INTO bug_device (bug_id, device_id) VALUES ('828','3');
INSERT INTO bug_device (bug_id, device_id) VALUES ('829','7');
INSERT INTO bug_device (bug_id, device_id) VALUES ('830','9');
INSERT INTO bug_device (bug_id, device_id) VALUES ('831','9');
INSERT INTO bug_device (bug_id, device_id) VALUES ('832','3');
INSERT INTO bug_device (bug_id, device_id) VALUES ('833','5');
INSERT INTO bug_device (bug_id, device_id) VALUES ('834','3');
INSERT INTO bug_device (bug_id, device_id) VALUES ('835','6');
INSERT INTO bug_device (bug_id, device_id) VALUES ('836','5');
INSERT INTO bug_device (bug_id, device_id) VALUES ('837','1');
INSERT INTO bug_device (bug_id, device_id) VALUES ('838','8');
INSERT INTO bug_device (bug_id, device_id) VALUES ('839','6');
INSERT INTO bug_device (bug_id, device_id) VALUES ('840','4');
INSERT INTO bug_device (bug_id, device_id) VALUES ('841','1');
INSERT INTO bug_device (bug_id, device_id) VALUES ('842','5');
INSERT INTO bug_device (bug_id, device_id) VALUES ('843','6');
INSERT INTO bug_device (bug_id, device_id) VALUES ('844','8');
INSERT INTO bug_device (bug_id, device_id) VALUES ('845','4');
INSERT INTO bug_device (bug_id, device_id) VALUES ('846','6');
INSERT INTO bug_device (bug_id, device_id) VALUES ('847','4');
INSERT INTO bug_device (bug_id, device_id) VALUES ('848','7');
INSERT INTO bug_device (bug_id, device_id) VALUES ('849','6');
INSERT INTO bug_device (bug_id, device_id) VALUES ('850','8');
INSERT INTO bug_device (bug_id, device_id) VALUES ('851','5');
INSERT INTO bug_device (bug_id, device_id) VALUES ('852','2');
INSERT INTO bug_device (bug_id, device_id) VALUES ('853','8');
INSERT INTO bug_device (bug_id, device_id) VALUES ('854','7');
INSERT INTO bug_device (bug_id, device_id) VALUES ('855','1');
INSERT INTO bug_device (bug_id, device_id) VALUES ('856','1');
INSERT INTO bug_device (bug_id, device_id) VALUES ('857','1');
INSERT INTO bug_device (bug_id, device_id) VALUES ('858','4');
INSERT INTO bug_device (bug_id, device_id) VALUES ('859','2');
INSERT INTO bug_device (bug_id, device_id) VALUES ('860','3');
INSERT INTO bug_device (bug_id, device_id) VALUES ('861','9');
INSERT INTO bug_device (bug_id, device_id) VALUES ('862','2');
INSERT INTO bug_device (bug_id, device_id) VALUES ('863','7');
INSERT INTO bug_device (bug_id, device_id) VALUES ('864','8');
INSERT INTO bug_device (bug_id, device_id) VALUES ('865','4');
INSERT INTO bug_device (bug_id, device_id) VALUES ('866','6');
INSERT INTO bug_device (bug_id, device_id) VALUES ('867','1');
INSERT INTO bug_device (bug_id, device_id) VALUES ('868','1');
INSERT INTO bug_device (bug_id, device_id) VALUES ('869','10');
INSERT INTO bug_device (bug_id, device_id) VALUES ('870','4');
INSERT INTO bug_device (bug_id, device_id) VALUES ('871','10');
INSERT INTO bug_device (bug_id, device_id) VALUES ('872','6');
INSERT INTO bug_device (bug_id, device_id) VALUES ('873','6');
INSERT INTO bug_device (bug_id, device_id) VALUES ('874','4');
INSERT INTO bug_device (bug_id, device_id) VALUES ('875','1');
INSERT INTO bug_device (bug_id, device_id) VALUES ('876','3');
INSERT INTO bug_device (bug_id, device_id) VALUES ('877','5');
INSERT INTO bug_device (bug_id, device_id) VALUES ('878','3');
INSERT INTO bug_device (bug_id, device_id) VALUES ('879','5');
INSERT INTO bug_device (bug_id, device_id) VALUES ('880','1');
INSERT INTO bug_device (bug_id, device_id) VALUES ('881','7');
INSERT INTO bug_device (bug_id, device_id) VALUES ('882','3');
INSERT INTO bug_device (bug_id, device_id) VALUES ('883','8');
INSERT INTO bug_device (bug_id, device_id) VALUES ('884','7');
INSERT INTO bug_device (bug_id, device_id) VALUES ('885','3');
INSERT INTO bug_device (bug_id, device_id) VALUES ('886','2');
INSERT INTO bug_device (bug_id, device_id) VALUES ('887','6');
INSERT INTO bug_device (bug_id, device_id) VALUES ('888','5');
INSERT INTO bug_device (bug_id, device_id) VALUES ('889','10');
INSERT INTO bug_device (bug_id, device_id) VALUES ('890','1');
INSERT INTO bug_device (bug_id, device_id) VALUES ('891','10');
INSERT INTO bug_device (bug_id, device_id) VALUES ('892','2');
INSERT INTO bug_device (bug_id, device_id) VALUES ('893','3');
INSERT INTO bug_device (bug_id, device_id) VALUES ('894','8');
INSERT INTO bug_device (bug_id, device_id) VALUES ('895','2');
INSERT INTO bug_device (bug_id, device_id) VALUES ('896','6');
INSERT INTO bug_device (bug_id, device_id) VALUES ('897','5');
INSERT INTO bug_device (bug_id, device_id) VALUES ('898','2');
INSERT INTO bug_device (bug_id, device_id) VALUES ('899','9');
INSERT INTO bug_device (bug_id, device_id) VALUES ('900','9');
INSERT INTO bug_device (bug_id, device_id) VALUES ('901','7');
INSERT INTO bug_device (bug_id, device_id) VALUES ('902','4');
INSERT INTO bug_device (bug_id, device_id) VALUES ('903','2');
INSERT INTO bug_device (bug_id, device_id) VALUES ('904','10');
INSERT INTO bug_device (bug_id, device_id) VALUES ('905','5');
INSERT INTO bug_device (bug_id, device_id) VALUES ('906','1');
INSERT INTO bug_device (bug_id, device_id) VALUES ('907','3');
INSERT INTO bug_device (bug_id, device_id) VALUES ('908','3');
INSERT INTO bug_device (bug_id, device_id) VALUES ('909','5');
INSERT INTO bug_device (bug_id, device_id) VALUES ('910','2');
INSERT INTO bug_device (bug_id, device_id) VALUES ('911','6');
INSERT INTO bug_device (bug_id, device_id) VALUES ('912','1');
INSERT INTO bug_device (bug_id, device_id) VALUES ('913','5');
INSERT INTO bug_device (bug_id, device_id) VALUES ('914','3');
INSERT INTO bug_device (bug_id, device_id) VALUES ('915','3');
INSERT INTO bug_device (bug_id, device_id) VALUES ('916','9');
INSERT INTO bug_device (bug_id, device_id) VALUES ('917','3');
INSERT INTO bug_device (bug_id, device_id) VALUES ('918','2');
INSERT INTO bug_device (bug_id, device_id) VALUES ('919','6');
INSERT INTO bug_device (bug_id, device_id) VALUES ('920','1');
INSERT INTO bug_device (bug_id, device_id) VALUES ('921','3');
INSERT INTO bug_device (bug_id, device_id) VALUES ('922','8');
INSERT INTO bug_device (bug_id, device_id) VALUES ('923','1');
INSERT INTO bug_device (bug_id, device_id) VALUES ('924','9');
INSERT INTO bug_device (bug_id, device_id) VALUES ('925','7');
INSERT INTO bug_device (bug_id, device_id) VALUES ('926','3');
INSERT INTO bug_device (bug_id, device_id) VALUES ('927','6');
INSERT INTO bug_device (bug_id, device_id) VALUES ('928','2');
INSERT INTO bug_device (bug_id, device_id) VALUES ('929','1');
INSERT INTO bug_device (bug_id, device_id) VALUES ('930','7');
INSERT INTO bug_device (bug_id, device_id) VALUES ('931','6');
INSERT INTO bug_device (bug_id, device_id) VALUES ('932','7');
INSERT INTO bug_device (bug_id, device_id) VALUES ('933','8');
INSERT INTO bug_device (bug_id, device_id) VALUES ('934','3');
INSERT INTO bug_device (bug_id, device_id) VALUES ('935','1');
INSERT INTO bug_device (bug_id, device_id) VALUES ('936','4');
INSERT INTO bug_device (bug_id, device_id) VALUES ('937','10');
INSERT INTO bug_device (bug_id, device_id) VALUES ('938','1');
INSERT INTO bug_device (bug_id, device_id) VALUES ('939','3');
INSERT INTO bug_device (bug_id, device_id) VALUES ('940','6');
INSERT INTO bug_device (bug_id, device_id) VALUES ('941','10');
INSERT INTO bug_device (bug_id, device_id) VALUES ('942','10');
INSERT INTO bug_device (bug_id, device_id) VALUES ('943','7');
INSERT INTO bug_device (bug_id, device_id) VALUES ('944','4');
INSERT INTO bug_device (bug_id, device_id) VALUES ('945','6');
INSERT INTO bug_device (bug_id, device_id) VALUES ('946','10');
INSERT INTO bug_device (bug_id, device_id) VALUES ('947','4');
INSERT INTO bug_device (bug_id, device_id) VALUES ('948','4');
INSERT INTO bug_device (bug_id, device_id) VALUES ('949','2');
INSERT INTO bug_device (bug_id, device_id) VALUES ('950','6');
INSERT INTO bug_device (bug_id, device_id) VALUES ('951','1');
INSERT INTO bug_device (bug_id, device_id) VALUES ('952','3');
INSERT INTO bug_device (bug_id, device_id) VALUES ('953','1');
INSERT INTO bug_device (bug_id, device_id) VALUES ('954','6');
INSERT INTO bug_device (bug_id, device_id) VALUES ('955','6');
INSERT INTO bug_device (bug_id, device_id) VALUES ('956','6');
INSERT INTO bug_device (bug_id, device_id) VALUES ('957','6');
INSERT INTO bug_device (bug_id, device_id) VALUES ('958','5');
INSERT INTO bug_device (bug_id, device_id) VALUES ('959','10');
INSERT INTO bug_device (bug_id, device_id) VALUES ('960','3');
INSERT INTO bug_device (bug_id, device_id) VALUES ('961','6');
INSERT INTO bug_device (bug_id, device_id) VALUES ('962','1');
INSERT INTO bug_device (bug_id, device_id) VALUES ('963','9');
INSERT INTO bug_device (bug_id, device_id) VALUES ('964','6');
INSERT INTO bug_device (bug_id, device_id) VALUES ('965','8');
INSERT INTO bug_device (bug_id, device_id) VALUES ('966','6');
INSERT INTO bug_device (bug_id, device_id) VALUES ('967','1');
INSERT INTO bug_device (bug_id, device_id) VALUES ('968','6');
INSERT INTO bug_device (bug_id, device_id) VALUES ('969','2');
INSERT INTO bug_device (bug_id, device_id) VALUES ('970','10');
INSERT INTO bug_device (bug_id, device_id) VALUES ('971','5');
INSERT INTO bug_device (bug_id, device_id) VALUES ('972','5');
INSERT INTO bug_device (bug_id, device_id) VALUES ('973','2');
INSERT INTO bug_device (bug_id, device_id) VALUES ('974','7');
INSERT INTO bug_device (bug_id, device_id) VALUES ('975','9');
INSERT INTO bug_device (bug_id, device_id) VALUES ('976','3');
INSERT INTO bug_device (bug_id, device_id) VALUES ('977','6');
INSERT INTO bug_device (bug_id, device_id) VALUES ('978','7');
INSERT INTO bug_device (bug_id, device_id) VALUES ('979','5');
INSERT INTO bug_device (bug_id, device_id) VALUES ('980','10');
INSERT INTO bug_device (bug_id, device_id) VALUES ('981','3');
INSERT INTO bug_device (bug_id, device_id) VALUES ('982','6');
INSERT INTO bug_device (bug_id, device_id) VALUES ('983','10');
INSERT INTO bug_device (bug_id, device_id) VALUES ('984','6');
INSERT INTO bug_device (bug_id, device_id) VALUES ('985','7');
INSERT INTO bug_device (bug_id, device_id) VALUES ('986','5');
INSERT INTO bug_device (bug_id, device_id) VALUES ('987','3');
INSERT INTO bug_device (bug_id, device_id) VALUES ('988','10');
INSERT INTO bug_device (bug_id, device_id) VALUES ('989','3');
INSERT INTO bug_device (bug_id, device_id) VALUES ('990','1');
INSERT INTO bug_device (bug_id, device_id) VALUES ('991','7');
INSERT INTO bug_device (bug_id, device_id) VALUES ('992','3');
INSERT INTO bug_device (bug_id, device_id) VALUES ('993','5');
INSERT INTO bug_device (bug_id, device_id) VALUES ('994','2');
INSERT INTO bug_device (bug_id, device_id) VALUES ('995','7');
INSERT INTO bug_device (bug_id, device_id) VALUES ('996','2');
INSERT INTO bug_device (bug_id, device_id) VALUES ('997','4');
INSERT INTO bug_device (bug_id, device_id) VALUES ('998','5');
INSERT INTO bug_device (bug_id, device_id) VALUES ('999','6');
INSERT INTO bug_device (bug_id, device_id) VALUES ('1000','9');

CREATE TABLE tester (
  id BIGINT AUTO_INCREMENT PRIMARY KEY,
  first_name VARCHAR(255),
  last_name VARCHAR(255),
  country CHAR(2),
  last_login TIMESTAMP
);

INSERT INTO tester (id, first_name, last_name, country, last_login) VALUES ('1','Miguel','Bautista','US','2013-08-04 23:57:38');
INSERT INTO tester (id, first_name, last_name, country, last_login) VALUES ('2','Michael','Lubavin','US','2013-07-12 13:27:18');
INSERT INTO tester (id, first_name, last_name, country, last_login) VALUES ('3','Leonard','Sutton','GB','2013-07-16 21:17:28');
INSERT INTO tester (id, first_name, last_name, country, last_login) VALUES ('4','Taybin','Rutkin','US','2013-01-01 10:57:38');
INSERT INTO tester (id, first_name, last_name, country, last_login) VALUES ('5','Mingquan','Zheng','JP','2013-08-04 22:07:38');
INSERT INTO tester (id, first_name, last_name, country, last_login) VALUES ('6','Stanley','Chen','GB','2013-08-04 21:57:38');
INSERT INTO tester (id, first_name, last_name, country, last_login) VALUES ('7','Lucas','Lowry','JP','2013-07-12 23:57:38');
INSERT INTO tester (id, first_name, last_name, country, last_login) VALUES ('8','Sean','Wellington','JP','2013-08-05 13:27:38');
INSERT INTO tester (id, first_name, last_name, country, last_login) VALUES ('9','Darshini','Thiagarajan','GB','2013-08-05 15:00:38');

CREATE TABLE tester_device (
  tester_id BIGINT,
  device_id BIGINT
);

INSERT INTO tester_device (tester_id, device_id) VALUES ('1','1');
INSERT INTO tester_device (tester_id, device_id) VALUES ('1','2');
INSERT INTO tester_device (tester_id, device_id) VALUES ('1','3');
INSERT INTO tester_device (tester_id, device_id) VALUES ('1','10');
INSERT INTO tester_device (tester_id, device_id) VALUES ('2','4');
INSERT INTO tester_device (tester_id, device_id) VALUES ('2','5');
INSERT INTO tester_device (tester_id, device_id) VALUES ('2','6');
INSERT INTO tester_device (tester_id, device_id) VALUES ('2','7');
INSERT INTO tester_device (tester_id, device_id) VALUES ('2','8');
INSERT INTO tester_device (tester_id, device_id) VALUES ('2','9');
INSERT INTO tester_device (tester_id, device_id) VALUES ('3','3');
INSERT INTO tester_device (tester_id, device_id) VALUES ('3','4');
INSERT INTO tester_device (tester_id, device_id) VALUES ('3','5');
INSERT INTO tester_device (tester_id, device_id) VALUES ('3','6');
INSERT INTO tester_device (tester_id, device_id) VALUES ('4','1');
INSERT INTO tester_device (tester_id, device_id) VALUES ('4','2');
INSERT INTO tester_device (tester_id, device_id) VALUES ('5','5');
INSERT INTO tester_device (tester_id, device_id) VALUES ('5','6');
INSERT INTO tester_device (tester_id, device_id) VALUES ('5','7');
INSERT INTO tester_device (tester_id, device_id) VALUES ('5','1');
INSERT INTO tester_device (tester_id, device_id) VALUES ('5','10');
INSERT INTO tester_device (tester_id, device_id) VALUES ('6','3');
INSERT INTO tester_device (tester_id, device_id) VALUES ('7','4');
INSERT INTO tester_device (tester_id, device_id) VALUES ('7','5');
INSERT INTO tester_device (tester_id, device_id) VALUES ('7','6');
INSERT INTO tester_device (tester_id, device_id) VALUES ('7','7');
INSERT INTO tester_device (tester_id, device_id) VALUES ('7','8');
INSERT INTO tester_device (tester_id, device_id) VALUES ('8','1');
INSERT INTO tester_device (tester_id, device_id) VALUES ('8','3');
INSERT INTO tester_device (tester_id, device_id) VALUES ('8','6');
INSERT INTO tester_device (tester_id, device_id) VALUES ('8','9');
INSERT INTO tester_device (tester_id, device_id) VALUES ('8','10');
INSERT INTO tester_device (tester_id, device_id) VALUES ('9','5');
INSERT INTO tester_device (tester_id, device_id) VALUES ('9','6');
INSERT INTO tester_device (tester_id, device_id) VALUES ('9','8');
INSERT INTO tester_device (tester_id, device_id) VALUES ('9','9');
